,,,,,,,Performance,Performance,Performance,Performance,Performance,Performance,Performance,Performance,Performance,Performance,Performance,Performance,,-additional
Rk,Player,Pos,Squad,Age,Born,90s,CrdY,CrdR,2CrdY,Fls,Fld,Off,Crs,Int,TklW,PKwon,PKcon,OG,Matches,-9999
1,Brenden Aaronson,MF,us United States,25-268,2000,0.8,0,0,0,2,1,0,1,0,1,,,0,Matches,5bc43860
2,Thelo Aasgaard,MF,no Norway,24-076,2002,1.0,0,0,0,0,3,0,0,3,1,,,0,Matches,c88a28b9
3,Hamza Abdelkarim,FW,eg Egypt,18-197,2008,0.7,0,0,0,2,0,0,0,0,0,,,0,Matches,057d8f12
4,Hossam Abdelmaguid,DF,eg Egypt,25-078,2001,0.7,0,0,0,1,0,0,0,1,0,,,0,Matches,accbfc94
5,Mohamed Abdelmonem,DF,eg Egypt,27-166,1999,0.2,0,0,0,1,0,0,0,0,0,,,0,Matches,bff15d74
6,Ali Abdi,DF,tn Tunisia,32-209,1993,3.0,0,0,0,4,1,0,4,4,8,,,0,Matches,ad7cdb35
7,Saud Abdulhamid,DF,sa Saudi Arabia,26-364,1999,3.0,1,0,0,4,2,0,5,2,9,,,0,Matches,caa254e4
8,Abdulla Abdullaev,DF,uz Uzbekistan,28-319,1997,2.0,0,0,0,5,1,0,0,3,2,,,0,Matches,03053fbf
9,Yusuf Abdurisag,FW,qa Qatar,26-345,1999,1.1,0,0,0,1,2,0,0,1,2,,,0,Matches,13c8f40b
10,Husam Abu Dahab,DF,jo Jordan,26-065,2000,2.0,1,0,0,2,1,0,0,0,3,,,0,Matches,300aaeb6
11,Mohammad Abu Hasheesh,DF,jo Jordan,31-069,1995,0.1,0,0,0,0,0,0,0,0,2,,,0,Matches,72c2fa7a
12,Mohannad Abu Taha,DF,jo Jordan,23-165,2003,2.9,1,0,0,2,1,0,5,6,2,,,0,Matches,5c4bac6c
13,Mo Abualnadi,DF,jo Jordan,25-159,2001,0.8,0,0,0,0,0,0,0,0,0,,,0,Matches,4bff62e4
14,Yazeed Abulaila,GK,jo Jordan,33-190,1993,3.0,0,0,0,0,0,0,0,0,0,,,0,Matches,5d11fc17
15,Mahmoud Abunada,GK,qa Qatar,26-162,2000,3.0,1,0,0,1,1,0,0,0,0,,,1,Matches,27e7e545
16,Elias Achouri,FWMF,tn Tunisia,27-157,1999,0.5,0,0,0,0,1,1,0,0,2,,,0,Matches,4dd2a0be
17,Ché Adams,FW,sct Scotland,30-004,1996,1.6,0,0,0,4,2,0,0,0,1,,,0,Matches,f2bf1b0f
18,Jayden Adams,MF,za South Africa,25-073,2001,1.3,0,0,0,0,0,0,0,2,0,,,0,Matches,259affab
19,Tyler Adams,MF,us United States,27-153,1999,3.8,1,0,0,5,6,0,0,8,5,,,0,Matches,2b09d998
20,Ricardo Adé,DF,ht Haiti,36-057,1990,3.0,0,0,0,6,4,0,1,5,2,,,0,Matches,a9ee5e81
21,Ibrahim Adel,MF,eg Egypt,25-085,2001,0.0,0,0,0,0,0,0,0,0,0,,,0,Matches,4869216e
22,Simon Adingra,FWMF,ci Côte d'Ivoire,24-197,2002,0.2,0,0,0,0,0,0,1,0,0,,,0,Matches,4dcec659
23,Jonas Adjetey,DF,gh Ghana,22-216,2003,2.5,0,0,0,1,0,0,0,1,3,,,0,Matches,bdbf78cd
24,Michel Aebischer,MFFW,ch Switzerland,29-192,1997,1.7,0,0,0,3,2,0,6,0,1,,,0,Matches,f9c927de
25,Akram Afif,FWMF,qa Qatar,29-241,1996,2.6,0,0,0,0,4,2,11,0,1,,,0,Matches,fd53d9e7
26,Emmanuel Agbadou,DF,ci Côte d'Ivoire,29-030,1997,3.0,0,0,0,0,0,0,0,4,6,,,0,Matches,75f1ed80
27,Rodrigo Aguirre,FW,uy Uruguay,31-289,1994,0.0,0,0,0,0,0,0,0,0,0,,,0,Matches,b5691f5d
28,Ali Ahmed,MF,ca Canada,25-280,2000,2.6,0,0,0,1,5,0,13,3,2,,,0,Matches,540a5be1
29,Homam Ahmed,DF,qa Qatar,26-326,1999,1.4,0,1,0,4,0,0,3,3,1,,,0,Matches,a62fa158
30,Rayan Aït-Nouri,DF,dz Algeria,25-041,2001,3.2,0,0,0,6,4,0,8,5,13,,,0,Matches,9b398aea
31,Kristoffer Ajer,DF,no Norway,28-091,1998,5.3,1,0,0,2,1,0,1,4,8,,,0,Matches,a8c0acb7
32,Manuel Akanji,DF,ch Switzerland,30-363,1995,6.7,0,0,0,4,4,0,0,6,9,,,0,Matches,89ac64a6
33,Nathan Aké,DF,nl Netherlands,31-149,1995,1.9,0,0,0,2,2,0,1,4,0,,,0,Matches,eaeca114
34,Yunus Akgün,MF,tr Türkiye,26-010,2000,1.0,1,0,0,2,1,0,2,0,0,,,0,Matches,1453e3cf
35,Maghnes Akliouche,MF,fr France,24-142,2002,0.1,0,0,0,0,0,0,1,0,0,,,0,Matches,b625b241
36,Kerem Aktürkoğlu,FW,tr Türkiye,27-269,1998,1.4,0,0,0,0,2,0,1,0,1,,,0,Matches,f28659fb
37,Ahmed Alaaeldin,FW,qa Qatar,33-167,1993,0.5,0,0,0,1,1,0,0,0,1,,,0,Matches,74fbbb3c
38,David Alaba,DF,at Austria,34-023,1992,3.1,0,0,0,2,0,0,1,4,1,,,0,Matches,05439de2
39,Kerim Alajbegović,MF,ba Bosnia–Herz,18-299,2007,3.1,0,0,0,4,6,1,15,2,0,,,0,Matches,f3d9291e
40,Jordy Alcivar,MF,ec Ecuador,26-346,1999,0.5,1,0,0,1,0,0,1,0,1,,,0,Matches,6e98c19f
41,Omar Alderete,DF,py Paraguay,29-203,1996,3.6,0,0,0,2,3,0,0,2,0,,,0,Matches,bb08bce9
42,Almoez Ali,FW,qa Qatar,29-332,1996,0.2,0,0,0,0,0,0,0,0,0,,,0,Matches,bae045a9
43,Hussein Ali,DF,iq Iraq,24-138,2002,1.8,0,0,0,1,0,1,1,2,2,,,0,Matches,b8a919ad
44,Mohanad Ali,FW,iq Iraq,26-027,2000,0.1,0,0,0,0,0,0,0,0,0,,,0,Matches,f929049b
45,Taha Ali,FWMF,se Sweden,28-016,1998,0.4,0,0,0,0,2,0,1,0,0,,,0,Matches,da4b8a4e
46,Khojiakbar Alijonov,MF,uz Uzbekistan,29-089,1997,1.5,0,0,0,2,1,0,5,5,2,,,0,Matches,e53cbd7a
47,Ali Alipour,FW,ir IR Iran,30-248,1995,0.4,0,0,0,1,1,0,0,1,1,,,0,Matches,488ee64c
48,Alisson,GK,br Brazil,33-288,1992,5.0,0,0,0,0,0,0,0,0,0,,,0,Matches,7a2e46a8
49,Thiago Almada,MF,ar Argentina,25-082,2001,2.7,1,0,0,2,2,2,1,0,4,,,0,Matches,27f33438
50,Miguel Almirón,MFFW,py Paraguay,32-157,1994,3.1,1,1,0,2,7,0,4,3,7,,,0,Matches,862a1c15
51,Júnior Alonso,DF,py Paraguay,33-158,1993,4.3,1,0,0,3,3,1,2,4,9,,,0,Matches,b18a3023
52,Barış Alper Yılmaz,MFFW,tr Türkiye,26-055,2000,2.0,0,0,0,4,1,2,15,0,0,,,0,Matches,414b2ce4
53,Roberto Alvarado,FWMF,mx Mexico,27-313,1998,4.8,0,0,0,3,5,1,36,2,3,,,0,Matches,ff871e14
54,Edson Álvarez,MFDF,mx Mexico,28-266,1997,2.7,1,0,0,5,2,0,1,3,6,,,0,Matches,8b3ab7ad
55,Julián Álvarez,FW,ar Argentina,26-167,2000,5.6,0,0,0,8,3,2,2,2,3,,,0,Matches,15ab5a2b
56,Ayoube Amaimouni,MF,ma Morocco,21-229,2004,0.2,0,0,0,1,0,0,1,0,1,,,0,Matches,c5a07a5e
57,Zeki Amdouni,FWMF,ch Switzerland,25-225,2000,0.8,0,0,0,5,4,0,0,0,1,,,0,Matches,2ee5b0c9
58,Michael Amir Murillo,DFMF,pa Panama,30-156,1996,3.0,0,0,0,1,7,1,8,1,3,,,0,Matches,349cae8f
59,Nadiem Amiri,MF,de Germany,29-263,1996,0.5,0,0,0,0,0,0,2,0,1,,,0,Matches,555d5edd
60,Amir Al Ammari,MF,iq Iraq,28-355,1997,2.7,2,0,0,3,0,0,8,2,1,,,0,Matches,9f65be73
61,Azizbek Amonov,FW,uz Uzbekistan,28-260,1997,0.2,0,0,0,0,0,0,1,0,0,,,0,Matches,f487314f
62,Mohamed Amoura,FWMF,dz Algeria,26-069,2000,0.3,0,0,0,1,0,0,0,0,0,,,0,Matches,6597f8b6
63,Sofyan Amrabat,MF,ma Morocco,29-330,1996,1.6,0,0,0,4,2,0,0,2,1,,,0,Matches,5a2cb25d
64,Abdulelah Al-Amri,DF,sa Saudi Arabia,29-183,1997,2.7,1,0,0,1,0,0,1,4,2,,,0,Matches,fd0affe3
65,Youssef Amyn,MF,iq Iraq,22-330,2003,0.3,0,0,0,0,0,0,0,0,0,,,0,Matches,10c12f22
66,Elliot Anderson,MF,eng England,23-253,2002,6.9,1,0,0,9,13,0,8,8,17,,,0,Matches,de31038e
67,Andrés Andrade Cedeño,DF,pa Panama,27-274,1998,3.0,1,0,0,4,0,0,8,3,3,,,0,Matches,6ea23758
68,Fredrik André Bjørkan,DF,no Norway,27-330,1998,0.5,0,0,0,0,0,0,0,2,1,,,0,Matches,3724baa1
69,Nilson Angulo,MF,ec Ecuador,23-028,2003,2.4,0,0,0,4,3,0,5,2,1,,,0,Matches,a9b9d89c
70,Waldemar Anton,DFMF,de Germany,29-362,1996,0.6,0,0,0,3,1,1,1,2,1,,,0,Matches,5e66fa06
71,Jeremy Antonisse,FWMF,cw Curaçao,24-110,2002,0.8,0,0,0,0,0,0,8,0,1,,,0,Matches,6011e63a
72,Houssem Aouar,MF,dz Algeria,28-017,1998,1.9,0,0,0,1,2,0,0,0,1,,,0,Matches,a5db0bec
73,Oswin Appollis,MFFW,za South Africa,24-326,2001,2.8,0,0,0,1,2,0,8,1,3,,,0,Matches,e8933eb0
74,Yazan Al-Arab,DF,jo Jordan,30-167,1996,3.0,1,0,0,4,0,0,0,11,1,,,1,Matches,32878a09
75,Maxi Araújo,FWMF,uy Uruguay,26-152,2000,2.8,0,0,0,2,7,6,18,0,0,,,0,Matches,f9ab3f4a
76,Tomás Araújo,DF,pt Portugal,24-062,2002,1.0,1,0,0,1,0,0,0,1,0,,,0,Matches,0fa11d7d
77,Telmo Arcanjo,MF,cv Cabo Verde,25-026,2001,0.6,0,0,0,0,1,0,1,0,0,,,0,Matches,c692cef2
78,Álex Arce,FW,py Paraguay,31-031,1995,0.6,1,0,0,1,0,0,0,0,1,,,0,Matches,10411db2
79,Carlens Arcus,MFDF,ht Haiti,30-019,1996,1.6,1,0,0,5,3,2,2,3,3,,,0,Matches,5e837126
80,Max Arfsten,MF,us United States,25-089,2001,0.0,0,0,0,0,0,0,0,0,0,,,0,Matches,668f881e
81,Jhon Arias,MF,co Colombia,28-299,1997,4.2,1,0,0,5,2,0,5,2,9,,,0,Matches,86d96066
82,Santiago Arias,DF,co Colombia,34-185,1992,1.0,0,0,0,1,0,0,2,1,2,,,0,Matches,fdd60087
83,Marko Arnautović,FW,at Austria,37-089,1989,1.6,1,0,0,3,1,5,0,0,0,,,0,Matches,00459419
84,Benjamin Asare,GK,gh Ghana,34-004,1992,2.5,0,0,0,0,1,0,0,0,0,,,0,Matches,4bb65492
85,Emam Ashour,MF,eg Egypt,28-147,1998,4.0,0,0,0,2,13,0,4,4,2,,,0,Matches,31b7d437
86,Rustam Ashurmatov,DF,uz Uzbekistan,30-010,1996,2.8,0,0,0,1,0,0,0,7,2,,,0,Matches,a0ecd397
87,Lawrence Ati-Zigi,GK,gh Ghana,29-230,1996,1.5,0,0,0,0,1,0,0,0,0,,,0,Matches,a12402c3
88,Marwan Attia,MF,eg Egypt,27-339,1998,4.8,2,0,0,8,1,0,11,3,3,,,0,Matches,1ea3d7ec
89,Fredrik Aursnes,MFDF,no Norway,30-219,1995,3.4,0,0,0,5,3,0,5,1,8,,,0,Matches,f0677ed7
90,Gabriel Ávalos,FW,py Paraguay,35-278,1990,1.6,0,0,0,1,2,0,0,0,2,,,0,Matches,b6781b67
91,Yasin Ayari,MF,se Sweden,22-284,2003,3.8,1,0,0,4,8,0,19,3,4,,,0,Matches,f173303a
92,Oğuz Aydın,DF,tr Türkiye,25-263,2000,1.0,0,0,0,0,2,0,3,0,6,,,0,Matches,a7b98226
93,Jordan Ayew,FW,gh Ghana,34-309,1991,3.3,0,0,0,7,7,1,10,1,3,,,0,Matches,da052c14
94,Kaan Ayhan,DFMF,tr Türkiye,31-249,1994,0.0,0,0,0,0,0,0,0,0,0,,,0,Matches,2200181e
95,Neil El Aynaoui,MF,ma Morocco,25-015,2001,6.2,0,0,0,15,7,0,0,8,9,,,0,Matches,17e1261b
96,Ali Azaizeh,MF,jo Jordan,22-095,2004,0.6,0,0,0,1,1,0,1,0,3,,,0,Matches,3a46ac67
97,Juninho Bacuna,MF,cw Curaçao,28-344,1997,2.8,2,0,0,6,3,0,5,5,4,,,0,Matches,aaf1bf05
98,Leandro Bacuna,MF,cw Curaçao,34-330,1991,3.0,1,0,0,3,3,0,4,0,3,,,0,Matches,9dc69d38
99,Álex Baena,MFFW,es Spain,24-362,2001,4.5,1,0,0,9,6,2,34,2,5,,,0,Matches,518f2234
100,Esmir Bajraktarevic,MF,ba Bosnia–Herz,21-129,2005,2.6,0,0,0,1,2,0,8,3,0,,,0,Matches,dff24174
101,Cédric Bakambu,FW,cd Congo DR,35-097,1991,2.1,0,0,0,2,1,4,1,0,0,,,0,Matches,0af4dcf0
102,Fabián Balbuena,DF,py Paraguay,34-328,1991,0.0,0,0,0,0,0,0,0,0,0,,,0,Matches,3626f7d9
103,Folarin Balogun,FW,us United States,25-014,2001,3.5,1,1,0,3,8,3,0,1,0,,,0,Matches,31822f8c
104,Simon Banza,FWMF,cd Congo DR,29-338,1996,0.4,0,0,0,1,0,0,0,0,1,,,0,Matches,be47b750
105,Yoel Bárcenas,MF,pa Panama,32-267,1993,2.8,1,0,0,3,3,0,7,2,0,,,0,Matches,b39849eb
106,Valentín Barco,DFMF,ar Argentina,21-359,2004,0.2,0,0,0,0,1,0,0,0,0,,,0,Matches,b9f282ec
107,Bradley Barcola,MF,fr France,23-318,2002,3.8,1,0,0,3,1,1,3,1,3,,,0,Matches,a0d55a09
108,Abdülkerim Bardakcı,DF,tr Türkiye,31-313,1994,2.9,0,0,0,1,3,0,7,2,5,,,0,Matches,5d9cff53
109,Ivan Bašić,MF,ba Bosnia–Herz,24-078,2002,2.0,0,0,0,2,3,0,12,3,1,,,0,Matches,9b0a0d51
110,Ahmed Basil,GK,iq Iraq,29-332,1996,1.5,0,0,0,0,1,0,0,0,0,,,0,Matches,3bf9e631
111,Martin Baturina,MFFW,hr Croatia,23-151,2003,3.6,0,0,0,1,14,0,8,1,2,,,0,Matches,d1eda5f0
112,Ibrahim Bayesh,MFFW,iq Iraq,26-077,2000,2.6,0,0,0,3,5,0,4,1,4,,,0,Matches,2f2003ba
113,Samed Baždar,FW,ba Bosnia–Herz,22-167,2004,0.3,0,0,0,1,1,0,0,0,0,,,0,Matches,e59c9d0d
114,Riechedly Bazoer,DF,cw Curaçao,29-278,1996,1.0,0,0,0,2,0,0,0,1,1,,,0,Matches,da59a197
115,Patrick Beach,GK,au Australia,22-345,2003,4.3,0,0,0,0,0,0,0,0,0,,,0,Matches,3cc64624
116,Aziz Behich,MF,au Australia,35-213,1990,2.4,0,0,0,1,4,0,6,1,4,,,0,Matches,b6867b96
117,Maximilian Beier,FWMF,de Germany,23-273,2002,0.3,0,0,0,1,1,0,0,0,0,,,0,Matches,5db45ee5
118,Alireza Beiranvand,GK,ir IR Iran,33-299,1992,3.0,0,0,0,0,1,0,0,0,0,,,0,Matches,6ca0b04a
119,Zineddine Belaïd,DF,dz Algeria,27-119,1999,0.3,0,0,0,0,0,1,0,0,0,,,0,Matches,b2562589
120,Rafik Belghali,DF,dz Algeria,24-040,2002,3.7,0,0,0,4,2,0,4,1,3,,,0,Matches,0abcb968
121,Joe Bell,MF,nz New Zealand,27-081,1999,2.7,0,0,0,3,0,0,0,4,2,,,0,Matches,7825847e
122,Jean-Ricner Bellegarde,MF,ht Haiti,28-020,1998,2.9,1,0,0,4,5,0,10,3,2,,,0,Matches,10f0fdd3
123,Jude Bellingham,MF,eng England,23-018,2003,6.7,1,0,0,9,16,1,8,3,10,,,0,Matches,57d88cf9
124,Mortadha Ben Ouanes,DFMF,tn Tunisia,32-015,1994,0.3,0,0,0,0,1,0,0,0,0,,,0,Matches,1798891a
125,Anis Ben Slimane,MFFW,tn Tunisia,25-123,2001,2.7,0,0,0,0,0,2,6,2,2,,,0,Matches,9ade9ce1
126,Oussama Benbot,GK,dz Algeria,31-279,1994,1.0,0,0,0,0,1,0,0,0,0,,,0,Matches,dcae580c
127,Nadhir Benbouali,FW,dz Algeria,26-091,2000,0.5,0,0,0,0,0,0,0,0,1,,,0,Matches,cd25f2b3
128,Gilson Benchimol,FW,cv Cabo Verde,24-200,2001,0.9,0,0,0,0,1,0,0,0,0,,,0,Matches,eae26fce
129,Ramy Bensebaini,DF,dz Algeria,31-092,1995,4.0,0,0,0,1,5,0,0,7,6,,,0,Matches,378825c7
130,Nabil Bentaleb,MF,dz Algeria,31-235,1994,3.2,0,0,0,2,3,0,3,3,4,,,0,Matches,3189f61a
131,Rodrigo Bentancur,MF,uy Uruguay,29-022,1997,3.0,1,0,0,7,5,0,4,7,5,,,0,Matches,3b8674e6
132,Patrick Berg,MF,no Norway,28-235,1997,4.9,1,0,0,4,2,0,11,2,7,,,0,Matches,e4114f5d
133,Sander Berge,MF,no Norway,28-153,1998,5.3,0,0,0,6,2,0,1,9,4,,,0,Matches,d0b6129f
134,Lucas Bergvall,MF,se Sweden,20-165,2006,2.0,1,0,0,7,4,0,3,2,2,,,0,Matches,a109e5c8
135,Sebastian Berhalter,MF,us United States,25-068,2001,2.1,1,0,0,5,6,0,11,3,0,,,0,Matches,f33ee427
136,Alexander Bernhardsson,MF,se Sweden,27-312,1998,2.4,0,0,0,2,4,0,3,2,2,,,0,Matches,dea1d183
137,Tyler Bindon,DF,nz New Zealand,21-171,2005,1.1,0,0,0,2,1,0,2,1,2,,,0,Matches,3575e5eb
138,César Blackman,MFDF,pa Panama,28-106,1998,2.0,1,0,0,2,2,1,0,1,0,,,0,Matches,c2b11050
139,Damián Bobadilla,MF,py Paraguay,25-006,2001,2.1,0,0,0,1,1,0,1,5,3,,,1,Matches,ad7d6437
140,Oscar Bobb,FW,no Norway,23-005,2003,2.5,0,0,0,1,4,0,2,3,3,,,0,Matches,eed2427e
141,Moïse Bombito,DF,ca Canada,26-109,2000,2.1,0,0,0,2,0,0,0,1,0,,,0,Matches,c2f23fc8
142,Theo Bongonda,FWMF,cd Congo DR,30-239,1995,0.4,0,0,0,0,1,0,2,1,0,,,0,Matches,0da6a13e
143,Ange-Yoan Bonny,FW,ci Côte d'Ivoire,22-265,2003,2.6,0,0,0,1,3,1,1,1,2,,,0,Matches,64629ba4
144,Jordy Bos,MFDF,au Australia,23-261,2002,3.4,1,0,0,4,4,0,8,3,3,,,0,Matches,8070a9fd
145,Ayyoub Bouaddi,MF,ma Morocco,18-288,2007,4.2,0,0,0,3,6,0,0,1,3,,,0,Matches,8006228f
146,Hicham Boudaoui,MF,dz Algeria,26-297,1999,1.4,1,0,0,4,1,0,1,2,1,,,0,Matches,f9d5908e
147,Karim Boudiaf,MF,qa Qatar,35-304,1990,1.1,0,0,0,0,2,0,0,0,0,,,0,Matches,a38f33fd
148,Adil Boulbina,FW,dz Algeria,23-076,2003,0.2,0,0,0,0,0,1,0,0,0,,,0,Matches,12f7f264
149,Yassine Bounou,GK,ma Morocco,35-103,1991,6.3,0,0,0,0,4,0,0,0,0,,,1,Matches,f6798fc3
150,Nawaf Boushal,DF,sa Saudi Arabia,26-304,1999,1.0,0,0,0,1,1,0,0,1,0,,,0,Matches,7dc1c2c6
151,Michael Boxall,DF,nz New Zealand,37-333,1988,2.3,0,0,0,2,2,0,1,2,1,,,0,Matches,6bfa0d3a
152,Sultan Al-Brake,DF,qa Qatar,30-101,1996,1.6,0,0,0,2,0,0,5,2,1,,,0,Matches,fcaa2400
153,Joshua Brenet,DF,cw Curaçao,32-119,1994,2.0,0,0,0,0,1,1,0,1,4,,,0,Matches,2b5527c4
154,Brian Brobbey,FW,nl Netherlands,24-166,2002,2.5,0,0,0,4,3,2,1,0,1,,,0,Matches,4c184730
155,Dylan Bronn,DF,tn Tunisia,31-028,1995,0.5,0,0,0,1,0,0,0,1,0,,,0,Matches,edd81e2a
156,Nathaniel Brown,DF,de Germany,23-031,2003,3.1,0,0,0,4,1,0,17,2,6,,,0,Matches,abc79c47
157,Tajon Buchanan,MF,ca Canada,27-159,1999,4.2,0,0,0,5,8,2,16,1,5,,,0,Matches,3aca6420
158,Ante Budimir,FW,hr Croatia,34-360,1991,1.7,0,0,0,6,4,0,0,0,1,,,0,Matches,8f3565b3
159,Firas Al-Buraikan,FW,sa Saudi Arabia,26-064,2000,2.6,1,0,0,2,3,0,0,1,0,,,0,Matches,ac717a23
160,Cameron Burgess,DF,au Australia,30-269,1995,1.5,0,0,0,0,0,0,0,1,1,,,1,Matches,da61ca98
161,Dan Burn,DF,eng England,34-069,1992,0.4,0,0,0,1,0,0,0,0,0,,,0,Matches,b2d31e83
162,Dženis Burnić,MF,ba Bosnia–Herz,28-056,1998,0.2,0,0,0,0,0,0,0,0,0,,,0,Matches,0dabaf14
163,Gustavo Caballero,FWMF,py Paraguay,24-299,2001,1.1,0,0,0,2,2,1,0,0,2,,,0,Matches,90a38ca7
164,Jovane Cabral,FW,cv Cabo Verde,28-033,1998,1.5,0,0,0,1,2,0,1,1,3,,,0,Matches,e34e086c
165,Liberato Cacace,DF,nz New Zealand,25-293,2000,2.4,0,0,0,1,5,0,8,3,2,,,0,Matches,dd86e8e4
166,Juan Cáceres,DF,py Paraguay,26-046,2000,4.8,1,0,0,9,6,0,10,5,11,,,0,Matches,db887bdf
167,Sebastián Cáceres,DF,uy Uruguay,26-333,1999,3.0,0,0,0,2,2,0,1,2,1,,,0,Matches,7091c68e
168,Jordy Caicedo,FW,ec Ecuador,28-241,1997,0.2,0,0,0,2,0,0,0,0,0,,,0,Matches,7fcb27d8
169,Moisés Caicedo,MF,ec Ecuador,24-257,2001,4.0,1,0,0,5,4,0,17,4,6,,,0,Matches,16264a81
170,Uğurcan Çakır,GK,tr Türkiye,30-103,1996,3.0,0,0,0,0,0,0,0,0,0,,,0,Matches,f63a8347
171,Hakan Çalhanoğlu,MF,tr Türkiye,32-159,1994,2.0,0,0,0,2,1,0,10,1,3,,,0,Matches,cd0fa27b
172,Lamine Camara,MF,sn Senegal,22-197,2004,2.8,1,0,0,5,3,0,7,2,1,,,0,Matches,19c2ffa4
173,Jaminton Campaz,FWMF,co Colombia,26-054,2000,0.8,0,0,0,2,3,2,2,0,1,,,0,Matches,8d5ceef2
174,İrfan Can Kahveci,MF,tr Türkiye,31-002,1995,0.0,0,0,0,0,0,0,0,0,1,,,0,Matches,d2800f47
175,José Canale,DF,py Paraguay,29-362,1996,1.8,0,0,0,1,2,0,1,1,6,,,0,Matches,97d24b73
176,João Cancelo,DF,pt Portugal,32-051,1994,3.5,0,0,0,6,2,1,17,5,4,,,0,Matches,bd6351cd
177,Agustín Canobbio,FW,uy Uruguay,27-289,1998,2.5,0,1,0,7,5,1,8,2,3,,,0,Matches,4f5a2f38
178,Casemiro,MF,br Brazil,34-144,1992,4.2,2,0,0,6,6,0,5,6,5,,,0,Matches,4d224fe8
179,Josué Casimir,MF,ht Haiti,24-296,2001,2.0,1,0,0,4,4,0,3,0,0,,,0,Matches,481f76cf
180,Timothy Castagne,DF,be Belgium,30-224,1995,5.3,1,0,0,7,2,0,20,8,7,,,0,Matches,197640fd
181,Kevin Castaño,MF,co Colombia,25-291,2000,0.2,0,0,0,0,0,0,0,0,0,,,0,Matches,c393c3d9
182,Jens Castrop,MF,kr Korea Republic,22-353,2003,0.5,0,0,0,3,0,0,3,0,0,,,0,Matches,03fee7de
183,Zeki Çelik,DF,tr Türkiye,29-150,1997,1.8,0,0,0,1,0,0,1,1,3,,,0,Matches,31a62dc7
184,Lukáš Červ,MF,cz Czechia,25-098,2001,1.8,0,0,0,3,3,0,0,0,3,,,0,Matches,bb4a41bc
185,Fares Chaïbi,MF,dz Algeria,23-231,2002,4.0,1,0,0,3,2,1,6,3,5,,,0,Matches,357103bd
186,Štěpán Chaloupek,DF,cz Czechia,23-131,2003,1.0,0,0,0,1,0,0,0,2,0,,,0,Matches,ded82b9a
187,Mouhib Chamakh,GK,tn Tunisia,24-326,2001,1.0,0,0,0,0,0,0,0,0,0,,,0,Matches,9627f87b
188,Firas Chaouat,FW,tn Tunisia,30-070,1996,0.5,0,0,0,1,2,3,0,0,0,,,0,Matches,7fa8ef98
189,Luis Chávez,MF,mx Mexico,30-183,1996,0.3,0,0,0,1,0,0,1,0,1,,,0,Matches,e50949ea
190,Mateo Chávez,DF,mx Mexico,22-066,2004,0.9,0,0,0,1,1,0,1,0,1,,,0,Matches,f82246a1
191,Samir Chergui,DF,dz Algeria,27-161,1999,0.2,0,0,0,0,0,0,0,0,0,,,0,Matches,4b6ab1da
192,Rayan Cherki,FWMF,fr France,22-334,2003,0.9,0,0,0,2,1,0,1,1,1,,,0,Matches,b34c63a5
193,Mathieu Choinière,MF,ca Canada,27-160,1999,0.6,0,0,0,1,1,0,4,2,1,,,0,Matches,017459bb
194,Tahith Chong,MF,cw Curaçao,26-225,1999,2.7,0,0,0,3,13,0,1,1,0,,,0,Matches,2696b6a9
195,Tomáš Chorý,FW,cz Czechia,31-172,1995,0.3,0,0,0,2,1,0,0,0,0,,,0,Matches,163bbd4a
196,Ryan Christie,MF,sct Scotland,31-145,1995,1.1,1,0,0,2,1,0,1,2,3,,,0,Matches,26ce2263
197,Carney Chukwuemeka,MF,at Austria,22-270,2003,0.9,0,0,0,2,2,0,0,0,0,,,0,Matches,b2f9c73e
198,Mojmír Chytil,FW,cz Czechia,27-079,1999,0.1,0,0,0,1,0,0,0,0,0,,,0,Matches,01a08323
199,Brian Cipenga,MFFW,cd Congo DR,28-128,1998,1.6,0,0,0,2,1,1,9,0,2,,,0,Matches,e4787d6f
200,Alessandro Circati,DF,au Australia,22-280,2003,4.3,1,0,0,5,4,0,2,2,7,,,0,Matches,1223765c
201,Pathé Ciss,DF,sn Senegal,32-123,1994,2.0,0,0,0,1,0,0,0,0,0,,,0,Matches,9a0408b6
202,Livano Comenencia,MF,cw Curaçao,22-164,2004,2.6,1,0,0,4,1,0,1,11,1,,,0,Matches,c9d96dc1
203,Eray Cömert,DF,ch Switzerland,28-163,1998,0.3,0,0,0,0,0,0,0,0,0,,,0,Matches,15937e17
204,Francisco Conceição,MF,pt Portugal,23-215,2002,1.4,0,0,0,1,2,1,3,0,2,,,0,Matches,5ef3d210
205,Jhon Córdoba,FW,co Colombia,33-067,1993,1.1,0,0,0,1,2,2,0,0,0,,,0,Matches,9f381d8b
206,José Córdoba,DF,pa Panama,25-133,2001,3.0,0,0,0,5,1,0,1,1,3,,,0,Matches,bec98750
207,Derek Cornelius,DF,ca Canada,28-234,1997,3.5,1,0,0,4,3,0,1,2,3,,,0,Matches,577744b8
208,Diogo Costa,GK,pt Portugal,26-301,1999,5.0,0,0,0,0,1,0,0,0,0,,,0,Matches,93fffbcf
209,Nuno da Costa,FW,cv Cabo Verde,35-157,1991,1.8,0,0,0,0,3,0,1,1,2,,,0,Matches,909222de
210,Samu Costa,MF,pt Portugal,25-232,2000,0.2,0,0,0,0,0,0,0,0,1,,,0,Matches,76c2a023
211,Vladimír Coufal,MFDF,cz Czechia,33-329,1992,3.0,0,0,0,4,3,1,20,2,1,,,0,Matches,fdf3cb77
212,Thibaut Courtois,GK,be Belgium,34-067,1992,6.1,0,0,0,0,0,0,0,0,0,,,0,Matches,1840e36d
213,Maxime Crépeau,GK,ca Canada,32-067,1994,5.0,0,0,0,1,1,0,0,0,1,,,0,Matches,ea42e480
214,Max Crocombe,GK,nz New Zealand,32-339,1993,3.0,0,0,0,0,1,0,0,0,0,,,0,Matches,fdf47077
215,Pau Cubarsí,DF,es Spain,19-176,2007,7.0,1,0,0,4,2,0,1,4,3,,,0,Matches,cc7888f3
216,Andrés Cubas,MF,py Paraguay,30-056,1996,5.3,1,0,0,14,3,0,0,11,13,,,0,Matches,9b40a6ea
217,Cucho,FWMF,co Colombia,27-088,1999,0.6,0,0,0,0,1,0,1,0,0,,,0,Matches,71b47ab9
218,Marc Cucurella,DF,es Spain,27-360,1998,7.0,1,0,0,7,3,3,11,5,4,,,0,Matches,1daec722
219,Matheus Cunha,FW,br Brazil,27-051,1999,3.2,0,0,0,1,3,1,4,3,3,,,0,Matches,dc62b55d
220,Findlay Curtis,MF,sct Scotland,19-289,2006,0.1,1,0,0,1,0,0,1,0,0,,,0,Matches,e2a68b89
221,Aymen Dahmen,GK,tn Tunisia,29-170,1997,2.0,0,0,0,0,1,0,0,0,0,,,0,Matches,8bf49030
222,Diogo Dalot,DFMF,pt Portugal,27-121,1999,0.7,0,0,0,0,1,0,1,0,2,,,0,Matches,d9565625
223,Danilo,DF,br Brazil,35-002,1991,4.5,2,0,0,7,1,1,10,7,2,,,0,Matches,94b2001f
224,Kevin Danso,DF,at Austria,27-301,1998,2.7,0,0,0,1,2,0,1,0,1,,,0,Matches,6e33125f
225,Vladimír Darida,MF,cz Czechia,35-343,1990,0.6,0,0,0,0,1,0,0,1,0,,,0,Matches,3eb0f2df
226,Jonathan David,FW,ca Canada,26-184,2000,4.7,1,0,0,5,5,0,3,3,1,,,0,Matches,ce50fd99
227,Promise David,FW,ca Canada,25-014,2001,0.9,0,0,0,4,2,0,0,1,1,,,0,Matches,dbe19468
228,Alphonso Davies,DFFW,ca Canada,25-257,2000,0.2,0,0,0,0,0,0,0,0,0,,,0,Matches,d781d855
229,Erick Davis,DF,pa Panama,35-108,1991,0.0,0,0,0,0,1,0,2,0,1,,,0,Matches,2ffb0739
230,Nasser Al-Dawsari,MF,sa Saudi Arabia,27-210,1998,2.3,1,0,0,7,2,0,1,4,4,,,0,Matches,7709e4a6
231,Salem Al-Dawsari,MF,sa Saudi Arabia,34-332,1991,2.7,1,0,0,3,4,1,3,1,1,,,0,Matches,60ee859c
232,Mohammad Al-Dawud,FWMF,jo Jordan,34-096,1992,0.0,0,0,0,0,0,0,0,0,0,,,0,Matches,e645c3fc
233,Kevin De Bruyne,MF,be Belgium,35-019,1991,4.2,1,0,0,2,4,0,21,0,2,,,0,Matches,e46012d4
234,Maxim De Cuyper,DF,be Belgium,25-207,2000,4.9,1,0,0,7,2,0,12,6,2,,,0,Matches,d494882e
235,Luc De Fougerolles,DF,ca Canada,20-278,2005,4.1,2,0,0,8,8,0,1,2,6,,,0,Matches,45c427ff
236,Charles De Ketelaere,FWMF,be Belgium,25-129,2001,3.9,0,0,0,2,3,2,3,5,4,,,0,Matches,2ef7c612
237,Nicolás De La Cruz,MF,uy Uruguay,29-046,1997,1.0,1,0,0,2,3,0,5,2,1,,,0,Matches,8fda5c72
238,Rodrigo De Paul,MF,ar Argentina,32-054,1994,4.7,1,0,0,2,4,1,13,6,4,,,0,Matches,162efffd
239,Amar Dedić,DF,ba Bosnia–Herz,23-333,2002,3.0,1,0,0,6,3,0,0,1,7,,,0,Matches,bc6e544a
240,Louicius Deedson,MF,ht Haiti,25-156,2001,1.2,0,0,0,3,1,1,4,1,0,,,0,Matches,f7059bb1
241,Hannes Delcroix,DF,ht Haiti,27-139,1999,3.0,0,0,0,1,2,0,0,4,3,,,0,Matches,b737f944
242,Ousmane Dembélé,MF,fr France,29-063,1997,6.1,0,0,0,0,3,2,32,0,2,,,0,Matches,b19db005
243,Merih Demiral,DF,tr Türkiye,28-134,1998,2.0,0,0,0,2,1,3,1,1,1,,,0,Matches,e3cceee6
244,Ermedin Demirović,FW,ba Bosnia–Herz,28-114,1998,3.9,1,0,0,11,3,1,0,1,1,,,0,Matches,ed79b7d3
245,Sergiño Dest,MF,us United States,25-256,2000,3.3,0,0,0,2,4,0,3,5,1,,,0,Matches,5976f83e
246,Frans Dhia Putros,DF,iq Iraq,33-003,1993,1.0,0,0,0,2,0,0,1,2,2,,,0,Matches,0102aa7e
247,Oumar Diakité,FW,ci Côte d'Ivoire,22-209,2003,0.3,0,0,0,0,0,0,1,0,1,,,0,Matches,44435c8f
248,Amad Diallo,MFFW,ci Côte d'Ivoire,24-006,2002,2.1,0,0,0,0,2,1,4,2,4,,,0,Matches,9dc96f10
249,Assane Diao,MF,sn Senegal,20-313,2005,0.1,0,0,0,0,0,0,0,0,1,,,0,Matches,8ae7d0ec
250,Habib Diarra,MF,sn Senegal,22-195,2004,1.6,0,0,0,2,2,0,1,1,2,,,0,Matches,6d0fe035
251,Rúben Dias,DF,pt Portugal,29-064,1997,4.0,1,0,0,6,3,0,0,5,3,,,0,Matches,31c69ef1
252,Krépin Diatta,DF,sn Senegal,27-142,1999,4.3,0,0,0,4,6,0,12,3,10,,,0,Matches,8104e41e
253,Mory Diaw,GK,sn Senegal,33-025,1993,2.6,0,0,0,0,2,0,0,0,0,,,0,Matches,f41a69e6
254,Brahim Díaz,MF,ma Morocco,26-348,1999,5.1,0,0,0,3,10,0,8,4,2,,,0,Matches,407feb71
255,Ismael Díaz,FWMF,pa Panama,29-066,1997,0.4,0,0,0,0,0,2,0,0,1,,,0,Matches,f2a276d1
256,Luis Díaz,FWMF,co Colombia,29-185,1997,5.3,0,0,0,7,9,9,4,1,0,,,0,Matches,4a1a9578
257,Bamba Dieng,FW,sn Senegal,26-116,2000,0.1,0,0,0,0,0,0,0,0,0,,,0,Matches,40774c6b
258,Lucas Digne,DF,fr France,32-362,1993,4.6,0,0,0,5,2,0,14,1,3,,,0,Matches,1b84dbe1
259,Diney,DF,cv Cabo Verde,31-181,1995,4.3,1,0,0,2,0,0,0,4,7,,,1,Matches,d2e33ba2
260,Ousmane Diomande,DF,ci Côte d'Ivoire,22-225,2003,1.0,0,0,0,0,0,0,0,1,0,,,0,Matches,394be156
261,Yan Diomandé,MFFW,ci Côte d'Ivoire,19-245,2006,3.7,0,0,0,2,7,0,14,4,6,,,0,Matches,919f5f54
262,Issa Diop,DF,ma Morocco,29-189,1997,5.3,3,0,0,4,1,0,0,7,1,,,0,Matches,a712ca2b
263,El Hadji Malick Diouf,DF,sn Senegal,21-201,2004,1.9,0,0,0,2,0,0,8,1,1,,,0,Matches,bd5eb2e5
264,Ritsu Doan,MF,jp Japan,28-031,1998,3.1,0,0,0,6,4,0,5,1,1,,,0,Matches,d01bbb6f
265,Jeremy Doku,MF,be Belgium,24-051,2002,3.4,0,0,0,4,18,0,6,3,1,,,0,Matches,fffea3e5
266,Merchas Doski,DF,iq Iraq,26-222,1999,3.0,1,0,0,3,8,0,4,6,9,,,0,Matches,fdf4cfe5
267,David Douděra,MF,cz Czechia,28-047,1998,1.0,0,0,0,0,1,0,5,1,0,,,0,Matches,e95b4604
268,Désiré Doué,MF,fr France,21-044,2005,3.9,0,0,0,3,6,0,3,2,6,,,0,Matches,9e7483ff
269,Guéla Doué,DF,ci Côte d'Ivoire,23-273,2002,3.1,1,0,0,6,5,0,12,3,5,,,0,Matches,b4ef3fb5
270,Deroy Duarte,MF,cv Cabo Verde,27-013,1999,2.9,0,0,0,4,1,0,1,6,5,,,0,Matches,6af8fc5b
271,Laros Duarte,MF,cv Cabo Verde,29-139,1997,1.8,0,0,0,0,2,0,2,2,1,,,0,Matches,4af3d3c8
272,Denzel Dumfries,DFMF,nl Netherlands,30-090,1996,4.3,0,0,0,6,3,1,16,1,6,,,0,Matches,481c9ece
273,Jean-Kevin Duverne,DF,ht Haiti,29-005,1997,1.9,0,0,0,2,1,1,1,4,2,,,0,Matches,0cbc8baa
274,Lyndon Dykes,FWMF,sct Scotland,30-283,1995,0.4,0,0,0,2,0,0,1,0,0,,,0,Matches,cd92357a
275,Edin Džeko,FW,ba Bosnia–Herz,40-122,1986,2.0,1,0,0,1,2,0,0,1,0,,,0,Matches,3bb7f478
276,Roshon van Eijma,DF,cw Curaçao,28-038,1998,0.2,0,0,0,0,0,0,0,0,0,,,0,Matches,130368de
277,Anthony Elanga,MFFW,se Sweden,24-081,2002,2.4,0,0,0,0,7,1,12,2,0,,,0,Matches,2fba6108
278,Meschak Elia,FWMF,cd Congo DR,28-345,1997,0.5,0,0,0,2,0,0,2,1,0,,,0,Matches,5d51b074
279,Callan Elliot,DF,nz New Zealand,27-010,1999,0.1,0,0,0,0,0,0,0,0,1,,,0,Matches,9d6968a3
280,Eren Elmalı,DF,tr Türkiye,26-010,2000,1.2,1,0,0,2,1,0,1,2,1,,,0,Matches,8eeb8ba4
281,Nico Elvedi,DF,ch Switzerland,29-290,1996,6.7,1,0,0,5,6,0,0,6,2,,,0,Matches,48035304
282,Breel Embolo,FW,ch Switzerland,29-153,1997,5.6,2,1,1,9,11,4,1,2,0,,,0,Matches,0b4f388a
283,Julio Enciso,FW,py Paraguay,22-175,2004,4.3,0,0,0,3,9,0,5,1,5,,,0,Matches,9cfbad36
284,Endrick,FW,br Brazil,19-361,2006,1.3,0,0,0,1,1,1,0,1,1,,,0,Matches,a2728fbf
285,Sherzod Esanov,MF,uz Uzbekistan,23-166,2003,0.0,0,0,0,0,0,0,0,1,0,,,0,Matches,bd6667ba
286,Fidel Escobar,DF,pa Panama,31-189,1995,1.0,0,0,0,1,0,0,1,1,2,,,0,Matches,4991ec66
287,Pervis Estupiñán,MF,ec Ecuador,28-177,1998,1.0,0,0,0,3,0,0,2,0,1,,,0,Matches,d38fdf53
288,Derrick Etienne,FWMF,ht Haiti,29-234,1996,0.1,0,0,0,0,0,0,2,0,0,,,0,Matches,59059f1e
289,Stephen Eustáquio,MF,ca Canada,29-208,1996,4.4,0,0,0,2,7,0,45,3,5,,,0,Matches,577efaec
290,Martin Expérience,DFMF,ht Haiti,27-130,1999,3.0,0,0,0,7,6,0,6,4,6,,,0,Matches,9edb83f4
291,Saeid Ezatolahi,MF,ir IR Iran,29-289,1996,2.9,2,0,0,7,4,0,0,7,5,,,0,Matches,314d95ac
292,Eberechi Eze,FWMF,eng England,28-018,1998,1.5,0,0,0,1,3,1,2,0,0,,,0,Matches,ae4fc6a4
293,Fabinho,DFMF,br Brazil,32-267,1993,0.8,1,0,0,4,0,0,0,2,1,,,0,Matches,7f3b388c
294,José Fajardo,FW,pa Panama,32-333,1993,1.7,1,0,0,4,3,1,0,0,2,,,0,Matches,682e47b3
295,Odeh Al-Fakhouri,MFFW,jo Jordan,20-237,2005,1.6,0,0,0,2,3,1,1,2,1,,,0,Matches,30591ae5
296,Henrik Falchener,DF,no Norway,23-070,2003,0.7,0,0,0,0,0,0,0,1,0,,,0,Matches,57fe6b9b
297,Marko Farji,MF,iq Iraq,22-123,2004,0.6,0,0,0,0,2,0,2,1,1,,,0,Matches,e046cff6
298,Christian Fassnacht,FWMF,ch Switzerland,32-248,1993,0.1,0,0,0,0,0,0,0,0,1,,,0,Matches,0aeeed3f
299,Abdul Fatawu Issahaku,FWMF,gh Ghana,22-131,2004,1.5,1,0,0,1,7,0,7,0,0,,,0,Matches,bceda5ff
300,Ahmed Fathy,MF,qa Qatar,33-173,1993,1.7,2,0,0,2,1,0,0,3,3,,,0,Matches,f2369793
301,Hamdy Fathy,DFMF,eg Egypt,31-291,1994,2.6,1,0,0,3,2,1,1,2,3,,,0,Matches,c8ef4955
302,Ahmed Fatouh,DF,eg Egypt,28-117,1998,3.0,1,0,0,2,3,0,8,4,5,,,0,Matches,de13286d
303,Abbosbek Fayzullayev,MF,uz Uzbekistan,22-287,2003,2.4,0,0,0,6,4,0,10,1,6,,,0,Matches,ef1d36a1
304,João Félix,MF,pt Portugal,26-249,1999,2.2,0,0,0,3,6,0,4,3,4,,,0,Matches,8aafd64f
305,Lewis Ferguson,MF,sct Scotland,26-327,1999,3.0,0,0,0,5,10,0,9,4,7,,,0,Matches,ee64a822
306,Bruno Fernandes,MF,pt Portugal,31-312,1994,4.7,0,0,0,2,8,1,22,0,5,,,0,Matches,507c7bdf
307,Enzo Fernández,MF,ar Argentina,25-181,2001,6.3,0,0,0,9,5,1,5,4,6,,,0,Matches,5ff4ab71
308,Matias Fernandez-Pardo,FWMF,be Belgium,21-164,2005,0.5,0,0,0,0,0,0,2,0,1,,,0,Matches,0cdb6a2a
309,Álvaro Fidalgo,MF,mx Mexico,29-099,1997,1.1,0,0,0,0,2,0,4,1,0,,,0,Matches,c705cdc4
310,Sherel Floranus,DF,cw Curaçao,27-328,1998,3.0,0,0,0,2,0,1,0,4,6,,,0,Matches,5ad49fbb
311,Seko Fofana,MF,ci Côte d'Ivoire,31-071,1995,1.0,1,0,0,1,0,0,0,2,0,,,0,Matches,5313ed43
312,Yahia Fofana,GK,ci Côte d'Ivoire,25-330,2000,4.0,0,0,0,0,3,0,0,0,0,,,0,Matches,9d420dad
313,Deveron Fonville,DF,cw Curaçao,23-062,2003,2.7,0,0,0,2,3,0,0,5,3,,,0,Matches,21932982
314,Yassin Fortuné,FWMF,ht Haiti,27-168,1999,0.1,0,0,0,0,1,0,0,0,0,,,0,Matches,ddcc9e22
315,Lyle Foster,FW,za South Africa,25-317,2000,0.6,0,0,0,0,1,0,0,0,0,,,0,Matches,f84a807c
316,Alan Franco,DF,ec Ecuador,27-330,1998,2.8,2,0,0,7,0,0,5,4,6,,,0,Matches,c76b161b
317,Alex Freeman,DF,us United States,21-342,2004,4.2,0,0,0,1,1,0,4,7,6,,,0,Matches,754f150b
318,Matt Freese,GK,us United States,27-318,1998,4.0,0,0,0,0,2,0,0,0,0,,,0,Matches,2f49476c
319,Remo Freuler,MF,ch Switzerland,34-093,1992,6.6,0,0,0,8,3,1,5,8,5,,,0,Matches,98d2c2c4
320,Marco Friedl,DF,at Austria,28-123,1998,0.3,0,0,0,0,0,0,0,0,0,,,0,Matches,f86ad3f5
321,Juriën Gaari,DF,cw Curaçao,32-206,1993,1.8,1,0,0,4,1,0,0,2,2,,,0,Matches,bf7a9d1a
322,Jassem Gaber,MF,qa Qatar,24-147,2002,1.7,1,0,0,7,0,0,0,0,2,,,0,Matches,af9ef8aa
323,Cody Gakpo,FW,nl Netherlands,27-071,1999,4.1,0,0,0,3,3,3,12,2,1,,,0,Matches,1971591f
324,Matías Galarza,MF,py Paraguay,24-156,2002,4.3,2,0,0,10,9,0,4,7,11,,,0,Matches,8e97a57b
325,Hernán Galíndez,GK,ec Ecuador,39-109,1987,4.0,0,0,0,0,0,0,0,0,0,,,0,Matches,89c136f6
326,Jesús Gallardo,DF,mx Mexico,31-336,1994,4.1,0,0,0,7,3,0,16,7,1,,,0,Matches,d0846b6c
327,Ahmed Al-Ganehi,FW,qa Qatar,25-298,2000,0.4,0,0,0,1,0,0,1,0,1,,,0,Matches,efcf04d2
328,Ben Gannon-Doak,MF,sct Scotland,20-248,2005,2.1,0,0,0,3,1,0,6,0,1,,,0,Matches,733f1a7d
329,Gavi,FW,es Spain,21-346,2004,0.8,0,0,0,2,1,0,2,1,2,,,0,Matches,19cae58d
330,Jason Geria,DF,au Australia,33-068,1993,0.7,0,0,0,2,0,0,1,2,1,,,0,Matches,cd494a8d
331,Khalid Al Ghannam,MF,sa Saudi Arabia,25-251,2000,0.0,0,0,0,0,0,0,0,0,0,,,0,Matches,c16843c7
332,Ismaël Gharbi,MF,tn Tunisia,22-098,2004,1.4,0,0,0,0,2,0,1,1,1,,,0,Matches,5b3cfa12
333,Mehdi Ghayedi,FW,ir IR Iran,27-224,1998,0.5,0,0,0,2,1,0,3,0,0,,,0,Matches,b6c90b4b
334,Farés Ghedjemis,FWMF,dz Algeria,23-314,2002,0.0,0,0,0,0,0,0,0,0,0,,,0,Matches,14aac43e
335,Saman Ghoddos,MF,ir IR Iran,32-314,1993,2.3,0,0,0,3,0,1,1,5,4,,,0,Matches,f7b1d4e0
336,Mohammad Ghorbani,MF,ir IR Iran,25-057,2001,1.0,0,0,0,2,1,0,0,2,2,,,0,Matches,4a078e18
337,Lee Gi-hyuk,DF,kr Korea Republic,26-010,2000,3.0,1,0,0,2,1,0,2,5,4,,,0,Matches,18c8c3c7
338,Armin Gigovic,MF,ba Bosnia–Herz,24-102,2002,0.9,0,0,0,0,2,0,0,2,1,,,0,Matches,d0a0858e
339,Orlando Gill,GK,py Paraguay,26-036,2000,5.3,0,0,0,0,3,0,0,0,0,,,0,Matches,0d425331
340,Santiago Giménez,FW,mx Mexico,25-090,2001,1.0,0,0,0,1,3,0,0,0,0,,,0,Matches,37337aea
341,Aníbal Godoy,MF,pa Panama,36-157,1990,0.0,0,0,0,0,1,0,1,0,0,,,0,Matches,2d496ca3
342,Andrés Gómez,MF,co Colombia,23-308,2002,0.0,0,0,0,0,0,0,0,1,0,,,0,Matches,76a82373
343,Diego Gómez,MF,py Paraguay,23-112,2003,3.4,2,0,0,5,1,0,1,9,6,,,0,Matches,916728da
344,Gustavo Gómez,DF,py Paraguay,33-072,1993,5.3,0,0,0,3,2,1,0,2,3,,,0,Matches,d5ce52a5
345,Armando González,FW,mx Mexico,23-088,2003,0.2,0,0,0,1,0,0,0,0,0,,,0,Matches,1278bc9a
346,Nicolás González,FWMF,ar Argentina,28-102,1998,2.4,0,0,0,4,2,1,6,1,3,,,0,Matches,2374aaca
347,Anthony Gordon,MF,eng England,25-143,2001,4.4,0,0,0,4,10,0,8,3,3,,,0,Matches,2bd83368
348,Leon Goretzka,MF,de Germany,31-161,1995,1.1,0,0,0,0,0,0,1,1,1,,,0,Matches,cc86b9a3
349,Kenji Gorré,FWMF,cw Curaçao,31-291,1994,0.2,0,0,0,0,0,0,0,0,0,,,0,Matches,52d1a4c6
350,Keisuke Gotō,FW,jp Japan,21-044,2005,0.1,0,0,0,0,1,0,0,0,1,,,0,Matches,82a2ca86
351,Amine Gouiri,FW,dz Algeria,26-151,2000,2.8,0,0,0,1,1,0,1,0,1,,,0,Matches,aad56ca3
352,Ryan Gravenberch,MF,nl Netherlands,24-062,2002,3.8,0,0,0,5,3,0,4,6,1,,,0,Matches,b8e740fb
353,Michael Gregoritsch,FW,at Austria,32-090,1994,2.1,0,0,0,1,1,2,0,0,0,,,0,Matches,8e235926
354,Florian Grillitsch,DFMF,at Austria,30-344,1995,1.0,0,0,0,3,1,0,1,0,1,,,0,Matches,ffbbc83b
355,Pascal Groß,DFMF,de Germany,35-032,1991,0.2,0,0,0,1,0,0,1,0,2,,,0,Matches,8aec0537
356,Gabriel Gudmundsson,MFDF,se Sweden,27-079,1999,3.7,1,0,0,5,7,0,4,5,3,,,0,Matches,d5d22a58
357,Cho Gue-sung,FW,kr Korea Republic,28-173,1998,0.3,1,0,0,1,0,0,0,0,0,,,0,Matches,ccfa8e5e
358,Marc Guéhi,DF,eng England,26-004,2000,6.4,1,0,0,3,12,0,0,4,0,,,0,Matches,d0706b27
359,Evann Guessand,FWMF,ci Côte d'Ivoire,25-016,2001,0.2,0,0,0,1,0,0,0,0,0,,,0,Matches,b73f17f8
360,Idrissa Gueye,MF,sn Senegal,36-294,1989,4.0,0,0,0,2,2,0,1,2,4,,,0,Matches,72c812f3
361,Pape Gueye,MF,sn Senegal,27-174,1999,2.6,1,0,0,4,2,0,3,4,1,,,0,Matches,7155e3e1
362,Bruno Guimarães,MF,br Brazil,28-243,1997,4.6,0,0,0,4,7,0,16,2,6,,,0,Matches,82518f62
363,Deniz Gül,FW,tr Türkiye,22-015,2004,0.4,0,0,0,2,0,0,0,0,0,,,0,Matches,f0fb443e
364,Arda Güler,MF,tr Türkiye,21-142,2005,3.0,0,0,0,3,10,2,14,2,3,,,0,Matches,3741ca58
365,Angus Gunn,GK,sct Scotland,30-176,1996,3.0,0,0,0,0,0,0,0,0,1,,,0,Matches,e082af5b
366,Malo Gusto,DFMF,fr France,23-059,2003,0.4,0,0,0,2,0,0,0,1,0,,,0,Matches,d56b9520
367,Brian Gutiérrez,MF,mx Mexico,23-030,2003,2.2,1,0,0,5,3,0,5,2,1,,,0,Matches,d88f31db
368,Jorge Gutiérrez,DF,pa Panama,27-319,1998,1.0,0,0,0,1,2,0,0,1,1,,,0,Matches,56f6d192
369,Joško Gvardiol,DF,hr Croatia,24-175,2002,1.5,0,0,0,2,3,0,0,2,2,,,0,Matches,5ad50391
370,Viktor Gyökeres,FW,se Sweden,28-043,1998,4.0,1,0,0,4,7,1,1,0,1,,,0,Matches,4d5a9185
371,Aziz Gʻaniyev,MF,uz Uzbekistan,28-145,1998,1.4,0,0,0,2,1,0,6,0,6,,,0,Matches,0c492054
372,Erling Haaland,FW,no Norway,25-361,2000,5.2,0,0,0,5,3,0,1,1,0,,,0,Matches,1f44ac21
373,Ihsan Haddad,DF,jo Jordan,32-162,1994,2.9,0,0,0,3,1,0,8,2,1,,,0,Matches,85660a5d
374,Anis Hadj Moussa,MF,dz Algeria,24-156,2002,1.1,0,0,0,0,2,0,5,1,0,,,0,Matches,7bc7eef2
375,Jaouen Hadjam,DF,dz Algeria,23-113,2003,1.2,0,0,0,0,0,0,1,1,1,,,0,Matches,576817b7
376,Amir Hadžiahmetović,MF,ba Bosnia–Herz,29-131,1997,0.1,0,0,0,0,0,0,1,0,0,,,0,Matches,e8213ed3
377,Dennis Hadžikadunić,DF,ba Bosnia–Herz,28-008,1998,0.3,0,0,0,1,0,0,0,0,2,,,0,Matches,82cfae2a
378,Karim Hafez,DF,eg Egypt,30-127,1996,1.9,0,0,0,1,2,0,3,3,1,,,0,Matches,d2debf23
379,Ehsan Hajsafi,DF,ir IR Iran,36-142,1990,1.0,1,0,0,2,1,0,2,1,0,,,0,Matches,b060e3b8
380,Achraf Hakimi,DF,ma Morocco,27-255,1998,6.3,1,0,0,7,16,0,35,5,10,,,0,Matches,e42d61c7
381,Redouane Halhal,DF,ma Morocco,23-134,2003,2.0,1,0,0,3,5,1,0,1,1,,,0,Matches,e17c2cec
382,Ali Al Hamadi,FW,iq Iraq,24-138,2002,2.0,0,0,0,1,5,0,0,2,2,,,0,Matches,8450467d
383,Abdullah Al-Hamdan,FW,sa Saudi Arabia,26-307,1999,0.8,0,0,0,2,0,0,1,0,0,,,0,Matches,cc4b5436
384,Mohamed Amine Ben Hamida,DF,tn Tunisia,30-214,1995,2.2,0,0,0,3,1,0,1,1,9,,,0,Matches,2a5e8f82
385,Odiljon Hamrobekov,MF,uz Uzbekistan,30-154,1996,0.9,1,0,0,1,1,0,0,0,0,,,0,Matches,03f63e77
386,Lee Han-beom,DF,kr Korea Republic,24-030,2002,3.0,0,0,0,7,2,0,2,3,2,,,0,Matches,071f2dd3
387,Grant Hanley,DF,sct Scotland,34-239,1991,2.0,0,0,0,1,0,1,0,1,2,,,0,Matches,e9254eec
388,Sontje Hansen,FW,cw Curaçao,24-060,2002,0.5,0,0,0,0,0,0,0,0,0,,,0,Matches,70bad10b
389,Mohamed Hany,DF,eg Egypt,30-173,1996,5.3,0,0,0,2,1,0,15,6,9,,,2,Matches,9bcf1513
390,Moteb Al-Harbi,DF,sa Saudi Arabia,26-147,2000,2.1,0,0,0,0,4,0,1,4,1,,,0,Matches,1d88554c
391,Saleh Hardani,DF,ir IR Iran,27-203,1998,1.0,0,0,0,0,2,0,1,2,2,,,0,Matches,3a9b682b
392,Carlos Harvey,MF,pa Panama,26-164,2000,3.0,1,0,0,8,3,0,0,0,3,,,0,Matches,3f18600c
393,Akam Hashim,DF,iq Iraq,27-335,1998,3.0,0,0,0,0,3,0,0,2,1,,,0,Matches,f8416e89
394,Haissem Hassan,MF,eg Egypt,24-159,2002,1.4,2,0,0,2,2,0,9,0,1,,,0,Matches,e0979e74
395,Jalal Hassan,GK,iq Iraq,35-060,1991,1.5,0,0,0,0,1,0,0,0,0,,,0,Matches,87351c2e
396,Abdulaziz Hatem,MF,qa Qatar,36-197,1990,0.5,0,0,0,1,0,0,0,0,0,,,0,Matches,c5065ef8
397,Jorrel Hato,DF,nl Netherlands,20-132,2006,0.4,0,0,0,0,0,0,1,0,0,,,0,Matches,bde35051
398,Kai Havertz,FW,de Germany,27-036,1999,3.9,1,0,0,3,4,1,1,1,2,,,0,Matches,fed7cb61
399,Hassan Al-Haydos,MF,qa Qatar,35-218,1990,0.6,0,0,0,1,1,0,0,0,0,,,0,Matches,41bd6c64
400,Jan Paul van Hecke,DF,nl Netherlands,26-039,2000,4.3,0,0,0,4,2,0,1,4,3,,,0,Matches,4fd08daa
401,Hwang Hee-chan,FW,kr Korea Republic,30-172,1996,1.2,0,0,0,1,2,0,0,0,1,,,0,Matches,169fd162
402,Torbjørn Heggem,DF,no Norway,27-186,1999,4.9,0,0,0,2,0,0,0,2,7,,,0,Matches,834fea76
403,Alaa Al Hejji,MF,sa Saudi Arabia,30-226,1995,0.4,0,0,0,0,0,0,0,1,0,,,0,Matches,6d258576
404,Jordan Henderson,MF,eng England,36-030,1990,0.1,1,0,0,0,1,0,2,0,1,,,0,Matches,935e6b8f
405,Jack Hendry,DF,sct Scotland,31-071,1995,3.0,0,0,0,1,3,0,0,0,2,,,0,Matches,ffed43e3
406,Luiz Henrique,FWMF,br Brazil,25-196,2001,0.3,0,0,0,0,1,0,0,0,0,,,0,Matches,8059806f
407,Theo Hernández,DF,fr France,28-284,1997,2.4,0,0,0,2,4,0,5,2,1,,,0,Matches,d4c9725f
408,Lucas Herrington,DF,au Australia,18-315,2007,2.3,0,0,0,2,0,0,0,2,1,,,0,Matches,6f808c85
409,Son Heung-min,FW,kr Korea Republic,34-009,1992,1.9,0,0,0,0,4,2,3,0,1,,,0,Matches,92e7e919
410,Aaron Hickey,DF,sct Scotland,24-037,2002,0.8,1,0,0,2,4,0,1,1,0,,,0,Matches,1780bb4a
411,Isak Hien,DF,se Sweden,27-185,1999,2.4,1,0,0,3,3,0,0,1,3,,,0,Matches,12806697
412,Piero Hincapié,DF,ec Ecuador,24-189,2002,3.8,1,1,0,5,4,0,14,4,5,,,0,Matches,0c7a48f8
413,Adam Hložek,FW,cz Czechia,23-357,2002,1.7,0,0,0,4,4,0,0,1,1,,,0,Matches,5521f419
414,Tomáš Holeš,DF,cz Czechia,33-108,1993,1.7,0,0,0,2,2,0,0,4,3,,,0,Matches,e03c2d97
415,Amirhossein Hosseinzadeh,FW,ir IR Iran,25-260,2000,0.2,0,0,0,0,0,0,0,0,2,,,0,Matches,47270f0c
416,Robin Hranáč,DF,cz Czechia,26-169,2000,3.0,0,0,0,6,0,0,1,1,0,,,0,Matches,95d5aea2
417,Ajdin Hrustic,MF,au Australia,30-012,1996,0.9,0,0,0,1,0,0,5,0,0,,,0,Matches,1f2d714c
418,César Huerta,FWMF,mx Mexico,25-226,2000,0.1,0,0,0,0,0,0,0,0,0,,,0,Matches,de2f44ce
419,Al-Hashmi Al-Hussain,MF,qa Qatar,22-336,2003,0.4,0,0,0,2,2,0,0,1,2,,,0,Matches,c164fda2
420,Ayman Hussein,FW,iq Iraq,30-117,1996,1.3,0,0,0,2,1,0,0,0,0,,,1,Matches,8b574de7
421,Oh Hyeon-gyu,FW,kr Korea Republic,25-096,2001,1.4,0,0,0,0,1,0,1,0,0,,,0,Matches,d25422fb
422,Yang Hyun-jun,FWMF,kr Korea Republic,24-053,2002,0.2,0,0,0,1,0,1,0,1,1,,,0,Matches,f4cda99f
423,Roger Ibanez,DF,br Brazil,27-236,1998,0.5,1,0,0,2,1,0,0,1,2,,,0,Matches,82efe6fa
424,Yasser Ibrahim,DF,eg Egypt,33-157,1993,5.2,2,0,0,6,3,0,0,3,6,,,0,Matches,0b89ad1b
425,Borja Iglesias,FW,es Spain,33-181,1993,0.0,0,0,0,0,0,0,0,0,0,,,0,Matches,75645f0e
426,Hwang In-beom,MF,kr Korea Republic,29-300,1996,2.9,0,0,0,1,1,0,2,4,2,,,0,Matches,92fa5d28
427,Christ Inao Oulaï,MF,ci Côte d'Ivoire,20-102,2006,2.3,0,0,0,3,5,0,0,6,4,,,0,Matches,62709ee4
428,Zidane Iqbal,MF,iq Iraq,23-081,2003,2.1,0,0,0,1,2,0,2,1,2,,,0,Matches,6fa3c28e
429,Nestory Irankunda,FWMF,au Australia,20-158,2006,2.9,0,0,0,4,5,0,1,1,0,,,0,Matches,4ac730b2
430,Jackson Irvine,MF,au Australia,33-132,1993,2.5,1,0,0,3,3,0,2,1,1,,,0,Matches,4637747c
431,Alexander Isak,FW,se Sweden,26-299,1999,4.0,0,0,0,4,1,5,3,0,2,,,0,Matches,8e92be30
432,Wilson Isidor,FW,ht Haiti,25-324,2000,2.1,0,0,0,3,2,1,0,1,1,,,0,Matches,a671316d
433,Jamshid Iskanderov,FWMF,uz Uzbekistan,32-274,1993,0.1,0,0,0,0,0,0,1,0,0,,,0,Matches,3b8abe7c
434,Zaid Ismail,MF,iq Iraq,24-195,2002,1.3,0,0,0,2,0,0,0,1,4,,,0,Matches,c65effaa
435,Ko Itakura,DF,jp Japan,29-171,1997,1.4,0,0,0,1,0,0,0,1,0,,,0,Matches,97d545ae
436,Jacob Italiano,DF,au Australia,24-352,2001,1.8,1,0,0,0,0,0,8,1,2,,,0,Matches,2eb0ee9a
437,Hiroki Ito,DF,jp Japan,27-066,1999,4.0,0,0,0,7,0,0,9,0,2,,,0,Matches,204dded0
438,Junya Itō,MF,jp Japan,33-130,1993,2.4,0,0,0,2,5,0,17,1,2,,,0,Matches,dbd3a428
439,Cedric Itten,FWMF,ch Switzerland,29-202,1996,0.5,0,0,0,4,2,0,1,0,0,,,0,Matches,ef233486
440,Nicolas Jackson,FW,sn Senegal,25-027,2001,2.6,0,0,0,2,0,5,1,1,2,,,0,Matches,9c36ed83
441,Lee Jae-sung,FW,kr Korea Republic,33-341,1992,1.3,0,0,0,1,4,1,0,2,3,,,0,Matches,34b0387f
442,Alireza Jahanbakhsh,FWMF,ir IR Iran,32-340,1993,0.5,0,0,0,2,0,0,1,0,1,,,0,Matches,08452314
443,Ismail Jakobs,DF,sn Senegal,26-334,1999,2.4,0,0,0,2,0,0,18,2,2,,,0,Matches,a0415710
444,Reece James,DF,eng England,26-221,1999,3.5,0,0,0,3,1,0,9,3,2,,,0,Matches,1265a93a
445,Amer Jamous,MF,jo Jordan,24-014,2002,0.2,0,0,0,1,0,0,0,0,0,,,0,Matches,32d4f1e1
446,Luca Jaquez,DF,ch Switzerland,23-045,2003,0.9,0,0,0,3,1,0,2,1,0,,,0,Matches,a400da8e
447,Ardon Jashari,MF,ch Switzerland,23-352,2002,0.8,0,0,0,2,1,0,1,0,0,,,0,Matches,889588db
448,Ali Jasim,MF,iq Iraq,22-178,2004,1.4,0,0,0,1,0,0,4,0,1,,,0,Matches,1a927a6f
449,Danley Jean-Jacques,MF,ht Haiti,26-058,2000,2.9,1,0,0,5,3,0,1,3,6,,,0,Matches,59fcbd6d
450,Eom Ji-sung,MF,kr Korea Republic,24-069,2002,0.5,0,0,0,0,1,0,3,0,2,,,0,Matches,3a049da1
451,Raúl Jiménez,FW,mx Mexico,35-073,1991,3.5,0,0,0,7,2,2,0,0,1,,,0,Matches,b561db50
452,Kim Jin-gyu,MF,kr Korea Republic,29-143,1997,0.6,0,0,0,0,1,0,1,0,1,,,0,Matches,7c0479b1
453,Park Jinseob,DFMF,kr Korea Republic,30-267,1995,0.4,0,0,0,0,1,0,0,0,0,,,0,Matches,3316967a
454,Ruslanbek Jiyanov,FW,uz Uzbekistan,25-042,2001,0.0,0,0,0,0,0,0,0,0,1,,,0,Matches,3c181746
455,Alistair Johnston,DF,ca Canada,27-282,1998,5.0,1,0,0,5,4,0,19,6,2,,,0,Matches,4fb17e20
456,Frenkie de Jong,MF,nl Netherlands,29-066,1997,3.6,0,0,0,6,6,0,1,8,7,,,0,Matches,1bacc518
457,Lenny Joseph,FW,ht Haiti,25-278,2000,1.3,0,0,0,6,1,0,0,0,0,,,0,Matches,d1828392
458,Edmilson Junior,MFFW,qa Qatar,31-332,1994,2.3,0,0,0,4,2,1,4,0,1,,,0,Matches,620764f4
459,Vinicius Júnior,FW,br Brazil,26-005,2000,4.9,0,0,0,4,10,3,12,1,1,,,0,Matches,7111d552
460,Elijah Just,MF,nz New Zealand,26-077,2000,2.9,1,0,0,3,2,0,2,2,3,,,0,Matches,0c295d6e
461,Musab Al Juwayr,MFFW,sa Saudi Arabia,23-027,2003,1.7,0,0,0,1,1,2,7,1,3,,,0,Matches,62592fc1
462,Ayoub El Kaabi,FW,ma Morocco,33-021,1993,0.8,0,0,0,1,1,3,0,0,2,,,0,Matches,b1bfd1d4
463,Ozan Kabak,DF,tr Türkiye,26-114,2000,1.0,0,0,0,3,0,0,1,0,2,,,0,Matches,2d61d13a
464,Ferdi Kadioglu,DF,tr Türkiye,26-283,1999,1.8,0,0,0,0,3,0,4,1,2,,,0,Matches,66c52a77
465,Kaku,MF,py Paraguay,31-187,1995,0.1,0,0,0,1,1,0,0,0,0,,,0,Matches,cb01ad74
466,Saša Kalajdžić,FW,at Austria,29-010,1997,0.9,0,0,0,2,2,0,1,0,0,,,0,Matches,15f24fe7
467,Gédéon Kalulu,DF,cd Congo DR,28-322,1997,0.1,0,0,0,0,0,0,0,0,0,,,0,Matches,dd211559
468,Daichi Kamada,MF,jp Japan,29-346,1996,3.7,1,0,0,2,4,1,4,1,3,,,0,Matches,15b287da
469,Hossein Kanaanizadegan,DF,ir IR Iran,32-116,1994,1.5,1,0,0,1,0,0,0,2,0,,,0,Matches,24353c25
470,Harry Kane,FW,eng England,32-354,1993,7.2,0,0,0,8,9,2,1,1,3,,,0,Matches,21a66f6a
471,Lee Kang-in,FW,kr Korea Republic,25-148,2001,3.0,1,0,0,1,7,0,19,0,0,,,0,Matches,8455ad90
472,Mohamed Kanno,MF,sa Saudi Arabia,31-298,1994,2.5,1,0,0,5,0,0,0,2,4,,,0,Matches,74ccf212
473,Steve Kapuadi,DF,cd Congo DR,28-078,1998,2.0,0,0,0,2,0,0,0,1,1,,,0,Matches,3f3c941a
474,Bekhruz Karimov,DF,uz Uzbekistan,18-344,2007,2.0,0,0,0,8,4,0,2,3,5,,,0,Matches,74cdaeba
475,Jesper Karlström,MF,se Sweden,31-026,1995,1.5,0,0,0,3,0,0,0,1,3,,,0,Matches,e0a1f4eb
476,Gervane Kastaneer,FWMF,cw Curaçao,30-038,1996,0.3,2,0,0,2,0,0,0,0,0,,,0,Matches,0c142e14
477,Nikola Katić,DF,ba Bosnia–Herz,29-280,1996,3.5,1,0,0,4,0,0,0,5,6,,,0,Matches,35bd124a
478,Edo Kayembe,MF,cd Congo DR,28-044,1998,1.8,0,0,0,5,3,0,2,0,1,,,0,Matches,f99b71de
479,Joris Kayembe,DFFW,cd Congo DR,31-343,1994,0.5,0,0,0,0,1,0,3,4,4,,,0,Matches,4657faba
480,Franck Kessié,MF,ci Côte d'Ivoire,29-210,1996,3.8,1,0,0,7,2,1,2,0,4,,,0,Matches,05e19d6a
481,Abdullah Al-Khaibari,MF,sa Saudi Arabia,29-335,1996,2.0,0,0,0,0,2,0,0,1,1,,,0,Matches,ab47ae1c
482,Shoja' Khalilzadeh,DF,ir IR Iran,37-064,1989,3.0,1,0,0,4,0,1,0,3,3,,,0,Matches,0aed29f1
483,Dostonbek Khamdamov,MF,uz Uzbekistan,29-358,1996,1.1,0,0,0,1,0,1,5,2,4,,,0,Matches,d2dd2ffb
484,Bilal El Khannouss,MFFW,ma Morocco,22-068,2004,5.1,1,0,0,5,6,0,10,1,7,,,0,Matches,f7042636
485,Rani Khedira,MF,tn Tunisia,32-171,1994,1.7,1,0,0,3,0,0,0,2,1,,,0,Matches,59e4b92e
486,Boualem Khoukhi,DF,qa Qatar,36-008,1990,3.0,0,0,0,2,1,0,2,3,3,,,0,Matches,7be5ad52
487,Abdukodir Khusanov,DF,uz Uzbekistan,22-138,2004,3.0,2,0,0,6,0,0,0,5,3,,,0,Matches,d17ce930
488,Joshua Kimmich,DF,de Germany,31-159,1995,3.9,0,0,0,0,7,0,31,4,4,,,0,Matches,49296448
489,Justin Kluivert,FWMF,nl Netherlands,27-073,1999,0.3,0,0,0,0,2,0,1,0,0,,,0,Matches,4c3a6744
490,Gregor Kobel,GK,ch Switzerland,28-223,1997,6.7,0,0,0,0,3,0,0,0,0,,,0,Matches,cd59b9df
491,Orkun Kökçü,MF,tr Türkiye,25-200,2000,1.7,0,0,0,2,4,0,6,0,1,,,0,Matches,9bf914b4
492,Sead Kolašinac,DF,ba Bosnia–Herz,33-027,1993,3.7,0,0,0,6,4,0,9,2,6,,,0,Matches,3935e52e
493,Ghislain Konan,DF,ci Côte d'Ivoire,30-202,1995,3.0,0,0,0,0,1,0,8,0,3,,,0,Matches,6b2c894b
494,Ibrahima Konaté,DF,fr France,27-053,1999,0.2,0,0,0,0,0,0,0,3,0,,,0,Matches,5ed9b537
495,Ismaël Koné,MF,ca Canada,24-031,2002,1.6,0,0,0,1,3,0,3,3,2,,,0,Matches,e0220b70
496,Manu Koné,MF,fr France,25-061,2001,4.3,1,0,0,6,7,0,1,3,5,,,0,Matches,86574238
497,Ezri Konsa,DF,eng England,28-267,1997,6.2,0,0,0,7,11,0,3,4,3,,,0,Matches,0313a347
498,Teun Koopmeiners,DFMF,nl Netherlands,28-139,1998,1.4,0,0,0,3,0,0,5,1,1,,,0,Matches,a26fb8aa
499,Odilon Kossounou,DF,ci Côte d'Ivoire,25-194,2001,3.0,0,0,0,0,1,0,0,3,3,,,0,Matches,1f3afdcb
500,Kalidou Koulibaly,DF,sn Senegal,35-027,1991,1.8,0,0,0,0,0,0,0,2,1,,,0,Matches,da974c7b
501,Jules Koundé,DF,fr France,27-247,1998,6.6,0,0,0,6,5,1,12,3,8,,,0,Matches,4d1666ff
502,Mateo Kovačić,MF,hr Croatia,32-072,1994,3.0,0,0,0,3,3,0,0,2,3,,,0,Matches,79c0821a
503,Matej Kovar,GK,cz Czechia,26-061,2000,3.0,0,0,0,0,0,0,0,0,0,,,0,Matches,bc67a0e1
504,Andrej Kramarić,FWMF,hr Croatia,35-028,1991,0.7,0,0,0,0,0,1,2,0,1,,,0,Matches,603cb947
505,Ladislav Krejčí,DF,cz Czechia,27-088,1999,3.0,1,0,0,6,2,0,2,1,3,,,0,Matches,5b5c2228
506,Takefusa Kubo,MF,jp Japan,25-043,2001,0.8,0,0,0,1,1,0,0,1,0,,,0,Matches,16aa3654
507,Brandley Kuwas,FWMF,cw Curaçao,33-301,1992,0.0,0,0,0,0,0,0,1,0,0,,,0,Matches,42c94967
508,Prince Kwabena Adu,FW,gh Ghana,22-297,2003,0.4,0,0,0,4,0,0,0,0,0,,,0,Matches,36bdd145
509,Maxence Lacroix,DF,fr France,26-102,2000,1.7,0,0,0,4,0,1,0,2,1,,,0,Matches,277c49ed
510,Gustaf Lagerbielke,DF,se Sweden,26-098,2000,4.0,0,0,0,1,3,1,1,5,5,,,0,Matches,9e39fa2d
511,Konrad Laimer,MFDF,at Austria,29-051,1997,4.0,1,0,0,6,3,3,4,2,6,,,0,Matches,c1b7847c
512,Ali Lajami,DF,sa Saudi Arabia,30-084,1996,1.7,0,0,0,0,2,0,0,3,2,,,0,Matches,46f7ab4f
513,Senne Lammens,GK,be Belgium,24-010,2002,0.2,0,0,0,0,0,0,0,0,0,,,0,Matches,8e6d2fcd
514,Noa Lang,FWMF,nl Netherlands,27-030,1999,0.1,0,0,0,0,1,0,0,0,0,,,0,Matches,8e034340
515,Sondre Langås,DF,no Norway,25-165,2001,0.3,0,0,0,0,0,0,0,0,0,,,0,Matches,107e4890
516,Aymeric Laporte,DF,es Spain,32-051,1994,7.0,1,0,0,4,2,0,1,12,3,,,0,Matches,119b9a8e
517,Cyle Larin,FW,ca Canada,31-091,1995,2.1,2,0,0,5,1,3,0,0,0,,,0,Matches,e7af9060
518,Richie Laryea,DF,ca Canada,31-191,1995,4.8,1,0,0,8,14,1,2,2,9,,,0,Matches,276fdbe4
519,Mohanad Lasheen,MF,eg Egypt,30-049,1996,4.0,2,0,0,5,3,0,1,8,11,,,0,Matches,8c041c7d
520,Issa Laye,MFDF,qa Qatar,28-207,1997,3.0,0,0,0,0,3,0,0,1,1,,,0,Matches,c078667a
521,Rafael Leão,MF,pt Portugal,27-037,1999,1.8,0,0,0,1,2,0,7,2,0,,,0,Matches,20730eae
522,Mathew Leckie,MF,au Australia,35-163,1991,0.7,0,0,0,1,1,0,1,0,0,,,0,Matches,b93b7882
523,Jefferson Lerma,MF,co Colombia,31-265,1994,4.6,1,0,0,6,5,0,1,5,1,,,0,Matches,9b5ce51a
524,Jamie Leweling,FWMF,de Germany,25-141,2001,0.3,0,0,0,0,0,0,2,0,0,,,0,Matches,13fe7b69
525,Philipp Lienhart,DF,at Austria,30-006,1996,2.0,0,0,0,0,0,0,0,1,1,,,0,Matches,302527b2
526,Victor Lindelöf,DFMF,se Sweden,32-000,1994,4.0,0,0,0,3,0,0,0,4,1,,,0,Matches,f5deef4c
527,Erik Lira,MF,mx Mexico,26-070,2000,3.8,0,0,0,3,4,0,2,2,3,,,0,Matches,7b2c24ed
528,Dominik Livaković,GK,hr Croatia,31-189,1995,4.0,0,0,0,0,1,0,0,0,0,,,0,Matches,58f077c0
529,Dailon Livramento,FW,cv Cabo Verde,25-074,2001,1.9,0,0,0,1,1,2,2,0,0,,,0,Matches,c115db1e
530,Marcos Llorente,DF,es Spain,31-168,1995,2.1,0,0,0,2,1,0,4,1,6,,,0,Matches,02c15616
531,Giovani Lo Celso,MF,ar Argentina,30-099,1996,0.7,0,0,0,1,1,1,1,1,0,,,0,Matches,d7553721
532,Jürgen Locadia,FW,cw Curaçao,32-252,1993,2.6,0,0,0,3,4,2,0,1,0,,,0,Matches,6cc47ae1
533,Azarías Londoño,MF,pa Panama,25-026,2001,0.6,0,0,0,1,0,0,1,1,0,,,0,Matches,31d68775
534,Sidny Lopes Cabral,DF,cv Cabo Verde,23-302,2002,3.2,2,0,0,2,9,0,12,4,2,,,0,Matches,20700569
535,Flaco López,FW,ar Argentina,25-223,2000,0.2,1,0,0,1,0,0,0,0,1,,,0,Matches,e1426a52
536,Derrick Luckassen,DF,gh Ghana,31-014,1995,2.0,0,0,0,1,2,0,0,0,1,,,0,Matches,30a09cb5
537,Jhon Lucumí,DF,co Colombia,28-021,1998,5.3,1,0,0,5,0,0,0,5,2,,,0,Matches,80490d7f
538,José Luis Rodríguez,MFFW,pa Panama,28-028,1998,2.6,0,0,0,4,2,0,17,0,3,,,0,Matches,b333b014
539,Romelu Lukaku,FW,be Belgium,33-065,1993,2.6,1,0,0,2,0,1,0,0,0,,,0,Matches,5eae500a
540,Dodi Lukebakio,MF,be Belgium,28-296,1997,1.8,0,0,0,1,2,0,6,0,1,,,0,Matches,0c61c77c
541,Jovo Lukić,FW,ba Bosnia–Herz,27-231,1998,0.7,1,0,0,1,0,0,0,0,1,,,0,Matches,a2056e82
542,Awer Mabil,FWMF,au Australia,30-305,1995,0.3,0,0,0,0,1,0,1,0,0,,,0,Matches,922da988
543,Alexis Mac Allister,MF,ar Argentina,27-205,1998,7.0,0,0,0,6,10,0,2,8,10,,,0,Matches,83d074ff
544,Deiver Machado,DF,co Colombia,32-318,1993,1.0,0,0,0,1,2,0,1,2,0,,,0,Matches,b3f8bdef
545,Shuto Machino,FW,jp Japan,26-290,1999,0.1,0,0,0,1,0,0,1,0,0,,,0,Matches,964dde35
546,Assim Madibo,MF,qa Qatar,29-268,1996,1.5,0,1,0,2,1,0,0,4,1,,,0,Matches,2b1d2ada
547,Noni Madueke,MF,eng England,24-129,2002,3.2,0,0,0,2,3,1,21,2,4,,,0,Matches,bf34eebd
548,Daizen Maeda,MF,jp Japan,28-270,1997,2.7,0,0,0,2,1,1,3,2,3,,,0,Matches,395451fc
549,Gabriel Magalhães,DF,br Brazil,28-210,1997,5.0,0,0,0,1,3,0,3,4,2,,,0,Matches,67ac5bb8
550,Ermin Mahmić,MF,ba Bosnia–Herz,21-125,2005,0.8,1,0,0,1,1,0,1,0,1,,,0,Matches,86e34165
551,Hadj Mahmoud,MF,tn Tunisia,26-084,2000,0.5,0,0,0,2,0,0,0,0,2,,,0,Matches,081048c2
552,Riyad Mahrez,MF,dz Algeria,35-146,1991,2.9,0,0,0,1,7,1,10,1,2,,,0,Matches,892d5bb1
553,Alexandro Maidana,DF,py Paraguay,20-356,2005,0.6,0,0,0,0,0,0,1,1,0,,,0,Matches,4d0d5020
554,Mike Maignan,GK,fr France,31-014,1995,7.0,0,0,0,0,2,0,0,0,0,,,0,Matches,fcb38f57
555,Evidence Makgopa,FW,za South Africa,26-042,2000,2.4,0,0,0,1,1,2,0,1,1,,,0,Matches,4d76d03b
556,Ahmed Maknzi,DF,iq Iraq,24-296,2001,0.4,0,0,0,0,0,0,0,0,2,,,0,Matches,f95ac2b6
557,Donyell Malen,FW,nl Netherlands,27-189,1999,2.1,0,0,0,0,2,0,5,0,0,,,0,Matches,116c35df
558,Arjan Malic,DF,ba Bosnia–Herz,20-323,2005,0.5,0,0,0,1,1,0,2,0,0,,,0,Matches,de57cd45
559,Mohamed Manai,DF,qa Qatar,23-265,2002,0.8,0,0,0,3,0,0,0,2,0,,,1,Matches,1e20b706
560,Aïssa Mandi,DF,dz Algeria,34-268,1991,4.0,0,0,0,0,5,0,0,4,3,,,0,Matches,fbd6378b
561,Sadio Mané,MFFW,sn Senegal,34-098,1992,4.0,0,0,0,4,10,3,13,3,2,,,0,Matches,c691bfe2
562,Juan Manuel Sanabria,DF,uy Uruguay,26-110,2000,2.3,1,0,0,1,0,1,15,1,4,,,0,Matches,f1d74479
563,Johan Manzambi,MFFW,ch Switzerland,20-276,2005,2.2,0,0,0,3,3,1,3,0,0,,,0,Matches,8fcf0e12
564,Mahmoud Al-Mardi,MF,jo Jordan,32-284,1993,1.4,0,0,0,4,2,0,7,0,1,,,0,Matches,1eedc1ea
565,Jearl Margaritha,FWMF,cw Curaçao,26-098,2000,0.5,0,0,0,0,0,0,0,0,0,,,0,Matches,be915a68
566,Omar Marmoush,FWMF,eg Egypt,27-160,1999,3.6,0,0,0,3,8,0,5,2,3,,,0,Matches,0e0102eb
567,Marquinhos,DF,br Brazil,32-064,1994,5.0,0,0,0,0,2,1,1,3,2,,,0,Matches,d5f2f82b
568,Gabriel Martinelli,MF,br Brazil,25-029,2001,1.6,0,0,0,4,3,0,2,2,0,,,0,Matches,48a5a5d6
569,Guillermo Martínez Ayala,FW,mx Mexico,31-124,1995,0.8,0,0,0,3,1,0,0,0,0,,,0,Matches,59146354
570,Cristian Martínez,MFFW,pa Panama,29-161,1997,2.7,0,0,0,5,5,1,12,1,4,,,0,Matches,fdb15495
571,Emiliano Martínez,GK,ar Argentina,33-318,1992,7.7,0,0,0,0,1,0,0,0,0,,,0,Matches,7956236f
572,Lautaro Martínez,FW,ar Argentina,28-329,1997,3.4,1,0,0,8,5,2,1,1,1,,,0,Matches,f7036e1c
573,Lisandro Martínez,DF,ar Argentina,28-180,1998,6.5,1,0,0,6,4,0,2,5,6,,,0,Matches,bac46a10
574,Thapelo Maseko,MFFW,za South Africa,22-248,2003,2.7,0,0,0,4,10,0,2,2,1,,,0,Matches,498d45f7
575,Hazem Mastouri,FW,tn Tunisia,29-029,1997,1.0,0,0,0,2,2,0,1,1,0,,,0,Matches,c88f913e
576,Arthur Masuaku,DF,cd Congo DR,32-252,1993,3.5,0,0,0,0,4,0,12,0,5,,,0,Matches,57df7a11
577,Igor Matanović,FW,hr Croatia,23-108,2003,1.1,0,0,0,4,3,1,0,0,0,,,0,Matches,948e1292
578,Pape Matar Sarr,MF,sn Senegal,23-306,2002,0.7,0,0,0,1,0,0,0,1,0,,,0,Matches,feb5d972
579,Jean-Philippe Mateta,FW,fr France,29-019,1997,0.3,0,0,0,1,0,0,0,0,0,,,0,Matches,50e6dc35
580,Mauricio,MF,py Paraguay,25-056,2001,1.9,0,0,0,3,3,0,11,1,6,,,0,Matches,bf4cbc22
581,Fiston Mayele,FW,cd Congo DR,32-023,1994,0.5,0,0,0,1,1,1,0,0,0,,,0,Matches,0d113a00
582,Ibrahim Maza,MFFW,dz Algeria,20-235,2005,3.9,0,0,0,1,5,0,1,0,2,,,0,Matches,89b3bc5e
583,Noussair Mazraoui,DF,ma Morocco,28-245,1997,5.3,0,0,0,4,6,0,3,2,8,,,0,Matches,b74277a0
584,Kylian Mbappé,FW,fr France,27-209,1998,6.7,1,0,0,6,8,5,4,0,1,,,0,Matches,42fd9c7f
585,Thalente Mbatha,MF,za South Africa,26-123,2000,2.9,1,0,0,4,0,0,4,5,2,,,0,Matches,f6272be9
586,Ibrahim Mbaye,MF,sn Senegal,18-174,2008,1.7,0,0,0,0,2,0,9,1,0,,,0,Matches,201b4ee4
587,Chancel Mbemba,DF,cd Congo DR,31-343,1994,4.0,1,0,0,1,3,0,4,1,3,,,0,Matches,e76cb9cc
588,Mbekezeli Mbokazi,DF,za South Africa,20-301,2005,4.0,0,0,0,3,5,1,3,4,5,,,0,Matches,13398d42
589,Nathanaël Mbuku,MFFW,cd Congo DR,24-123,2002,1.6,1,0,0,4,8,0,14,0,3,,,0,Matches,46750e9c
590,Callum McCowatt,MF,nz New Zealand,27-078,1999,1.8,1,0,0,4,1,0,3,1,1,,,0,Matches,3fc42049
591,John McGinn,MF,sct Scotland,31-272,1994,2.9,0,0,0,2,11,0,10,0,0,,,0,Matches,90f91999
592,Scott McKenna,DF,sct Scotland,29-247,1996,1.0,0,0,0,0,0,0,0,0,0,,,0,Matches,4e5a4cbc
593,Weston McKennie,MF,us United States,27-323,1998,4.9,1,0,0,8,2,0,11,7,7,,,0,Matches,01c3aff5
594,Mark McKenzie,DF,us United States,27-142,1999,1.0,0,0,0,1,1,0,0,1,1,,,0,Matches,a5f5d094
595,Kenny McLean,MF,sct Scotland,34-190,1992,1.3,1,0,0,1,1,0,2,2,1,,,0,Matches,471f16b3
596,Scott McTominay,MF,sct Scotland,29-221,1996,3.0,0,0,0,3,0,0,0,0,2,,,0,Matches,d93c2511
597,Brandon Mechele,DF,be Belgium,33-170,1993,6.3,1,0,0,9,2,0,0,4,4,,,0,Matches,0a6dbbf7
598,Facundo Medina,DF,ar Argentina,27-050,1999,2.9,1,0,0,3,2,1,0,1,6,,,0,Matches,6f5ec8bb
599,Yaimar Medina,DFMF,ec Ecuador,21-254,2004,0.5,0,0,0,1,0,0,4,1,0,,,0,Matches,1fe8ecf7
600,Hannibal Mejbri,MF,tn Tunisia,23-177,2003,3.0,0,0,0,4,15,0,10,1,4,,,0,Matches,ca22ccb0
601,Amar Memić,MF,ba Bosnia–Herz,25-178,2001,2.5,0,0,0,4,3,0,5,2,2,,,0,Matches,918c187c
602,Memphis,FWMF,nl Netherlands,32-154,1994,0.6,1,0,0,1,1,0,1,0,0,,,0,Matches,8f696594
603,Sultan Mendash,MF,sa Saudi Arabia,31-273,1994,0.7,0,0,0,1,2,0,0,0,3,,,0,Matches,8738a7a1
604,Lucas Mendes,DF,qa Qatar,36-014,1990,0.0,0,0,0,0,0,1,0,0,0,,,0,Matches,5169f27f
605,Nuno Mendes,DF,pt Portugal,24-028,2002,4.4,0,0,0,3,12,1,19,0,6,,,0,Matches,f20e4cc9
606,Ryan Mendes,FWMF,cv Cabo Verde,36-190,1990,3.7,0,0,0,1,2,2,3,5,2,,,0,Matches,ba6e01ab
607,Édouard Mendy,GK,sn Senegal,34-138,1992,1.7,0,0,0,0,0,0,0,0,0,,,0,Matches,33887998
608,Gideon Mensah,DF,gh Ghana,27-364,1998,4.0,0,0,0,2,3,0,3,8,5,,,0,Matches,9bdd8118
609,Mikel Merino,MF,es Spain,30-025,1996,1.7,0,0,0,5,5,0,1,3,2,,,0,Matches,d080ed5e
610,Lionel Messi,FW,ar Argentina,39-023,1987,6.9,0,0,0,2,16,5,49,0,9,,,0,Matches,d70ce98e
611,Connor Metcalfe,MF,au Australia,26-254,1999,3.5,0,0,0,1,0,0,8,2,5,,,0,Matches,73ce4d7d
612,Thomas Meunier,DF,be Belgium,34-308,1991,2.1,0,0,0,9,0,0,7,2,2,,,0,Matches,e162b013
613,Liam Millar,MF,ca Canada,26-293,1999,1.8,1,0,0,3,1,0,10,0,4,,,0,Matches,983515f8
614,Kim Min-jae,DF,kr Korea Republic,29-244,1996,2.7,0,0,0,2,1,0,0,2,2,,,0,Matches,e0f8151c
615,Yerry Mina,DF,co Colombia,31-297,1994,0.0,0,0,0,0,1,0,0,0,0,,,0,Matches,6d5701f2
616,Alan Minda,MF,ec Ecuador,23-064,2003,0.6,0,0,0,0,1,0,2,1,0,,,0,Matches,9cfd5b00
617,Aubrey Modiba,DF,za South Africa,30-360,1995,3.8,1,0,0,4,6,2,11,4,5,,,0,Matches,bb1f97f2
618,Luka Modrić,MF,hr Croatia,40-311,1985,3.5,1,0,0,4,3,0,11,0,3,,,0,Matches,6025fab1
619,Relebohile Mofokeng,MF,za South Africa,21-267,2004,1.9,0,0,0,3,2,0,2,0,2,,,0,Matches,25c3fb97
620,Shahriar Moghanlou,FW,ir IR Iran,31-208,1994,1.0,0,0,0,1,1,1,2,0,2,,,0,Matches,92f69be8
621,Milad Mohammadi,DF,ir IR Iran,32-291,1993,2.3,0,0,0,1,1,2,3,2,4,,,0,Matches,740a0e28
622,Mohammad Mohebi,MF,ir IR Iran,27-209,1998,2.7,0,0,0,1,1,0,1,1,1,,,0,Matches,7b6b53c3
623,Johan Mojica,DF,co Colombia,33-330,1992,4.3,1,0,0,1,7,1,11,3,3,,,0,Matches,608f2092
624,Teboho Mokoena,MF,za South Africa,29-174,1997,3.0,2,0,0,3,6,0,5,5,3,,,0,Matches,00029b1e
625,Nahuel Molina,DF,ar Argentina,28-102,1998,5.2,0,0,0,3,0,1,5,6,2,,,0,Matches,23610943
626,Jamiro Monteiro,MF,cv Cabo Verde,32-236,1993,3.1,0,0,0,4,2,0,7,4,4,,,0,Matches,d384bddd
627,César Montes,DF,mx Mexico,29-143,1997,3.5,0,1,0,4,3,0,2,2,1,,,0,Matches,28e957d7
628,Gonzalo Montiel,DF,ar Argentina,29-197,1997,1.5,1,0,0,3,0,0,4,1,2,,,0,Matches,374d5158
629,Kim Moon-hwan,MF,kr Korea Republic,30-350,1995,0.8,0,0,0,0,0,0,0,1,1,,,0,Matches,6bce7dd8
630,Gilberto Mora,MF,mx Mexico,17-276,2008,2.4,0,0,0,3,3,0,4,2,2,,,0,Matches,69c9ffe8
631,Diego Moreira,MF,be Belgium,21-345,2004,0.6,0,0,0,2,1,1,5,1,1,,,0,Matches,12de1b0d
632,Steven Moreira,DF,cv Cabo Verde,31-338,1994,3.3,0,0,0,0,2,0,4,2,3,,,0,Matches,f10983ae
633,Tshepang Moremi,MF,za South Africa,25-288,2000,0.4,0,0,0,1,1,0,0,0,1,,,0,Matches,546d38f9
634,Orlando Mosquera,GK,pa Panama,31-204,1994,3.0,0,0,0,0,0,0,0,0,0,,,0,Matches,ea34d827
635,Samir El Mourabet,MF,ma Morocco,20-284,2005,0.9,0,0,0,0,1,0,1,1,1,,,0,Matches,1a03d055
636,Samuel Moutoussamy,MF,cd Congo DR,29-339,1996,3.7,1,0,0,8,1,0,1,1,8,,,0,Matches,af0c835b
637,Akmal Mozgovoy,MF,uz Uzbekistan,27-106,1999,2.4,0,0,0,0,3,0,0,2,0,,,0,Matches,114cb95b
638,Lionel Mpasi,GK,cd Congo DR,31-350,1994,4.0,0,0,0,0,0,0,0,0,0,,,0,Matches,5c6b0637
639,Khuliso Mudau,DF,za South Africa,31-082,1995,4.0,0,0,0,4,10,1,3,11,8,,,0,Matches,75388f92
640,Tarik Muharemovic,DF,ba Bosnia–Herz,23-139,2003,2.9,0,1,0,5,2,0,1,8,1,,,0,Matches,426dda23
641,Miro Muheim,DFMF,ch Switzerland,28-115,1998,1.0,1,0,0,1,3,0,2,2,1,,,0,Matches,844c6a91
642,Ngal'Ayel Mukau,MF,cd Congo DR,21-256,2004,2.2,0,0,0,3,4,1,0,3,2,,,0,Matches,bb461b8a
643,Mert Müldür,DF,tr Türkiye,27-105,1999,1.1,0,0,0,1,2,0,6,1,2,,,0,Matches,1295552e
644,Daniel Muñoz,DF,co Colombia,30-052,1996,4.4,0,0,0,9,1,3,8,7,3,,,0,Matches,778ef829
645,Petar Musa,FW,hr Croatia,28-135,1998,1.2,0,0,0,1,1,0,0,0,0,,,0,Matches,4567a0b4
646,Jamal Musiala,MF,de Germany,23-141,2003,3.0,1,0,0,5,11,0,5,1,5,,,0,Matches,2c0558b8
647,Fernando Muslera,GK,uy Uruguay,40-031,1986,2.5,0,0,0,0,0,0,0,0,0,,,0,Matches,a2abe631
648,Phillipp Mwene,DF,at Austria,32-169,1994,1.6,0,0,0,1,1,0,6,3,0,,,0,Matches,2ff76adc
649,David Møller Wolfe,DF,no Norway,24-085,2002,4.8,0,0,0,7,2,0,5,3,3,,,0,Matches,9affc5f2
650,Yūto Nagatomo,DFMF,jp Japan,39-308,1986,0.2,0,0,0,0,0,0,1,1,0,,,0,Matches,4b6960d2
651,Keito Nakamura,MF,jp Japan,25-354,2000,3.4,0,0,0,3,1,1,9,1,3,,,0,Matches,d97af612
652,Abdallah Nasib,DF,jo Jordan,32-142,1994,2.9,0,0,0,1,1,0,0,7,3,,,0,Matches,aaab3072
653,Sherzod Nasrullaev,DFMF,uz Uzbekistan,27-359,1998,2.0,1,0,0,3,2,0,3,2,2,,,0,Matches,aeb0c7f7
654,Duckens Nazon,FWMF,ht Haiti,32-101,1994,0.3,1,0,0,0,1,0,0,0,0,,,0,Matches,20e87a42
655,Iliman Ndiaye,FW,sn Senegal,26-133,2000,1.3,0,0,0,2,1,0,2,2,0,,,0,Matches,5ed97752
656,Dan Ndoye,MFFW,ch Switzerland,25-265,2000,4.5,0,0,0,5,16,4,11,4,5,,,0,Matches,8e697a8f
657,Jayden Nelson,FWMF,ca Canada,23-294,2002,0.0,0,0,0,0,0,0,2,0,0,,,0,Matches,92305a81
658,Ali Nemati,DF,ir IR Iran,30-159,1996,3.0,1,0,0,3,0,1,2,0,2,,,0,Matches,19a221f7
659,Abduvohid Nematov,GK,uz Uzbekistan,25-119,2001,2.0,0,0,0,0,0,0,0,0,0,,,1,Matches,25e45f2a
660,Pedro Neto,MF,pt Portugal,26-130,2000,3.9,0,0,0,4,4,0,13,0,2,,,0,Matches,7ba2eaa9
661,Manuel Neuer,GK,de Germany,40-112,1986,4.3,0,0,0,0,2,0,0,0,0,,,0,Matches,8778c910
662,João Neves,MF,pt Portugal,21-293,2004,4.3,0,0,0,1,4,0,2,4,7,,,0,Matches,c2a15a27
663,Rúben Neves,MF,pt Portugal,29-126,1997,0.6,0,0,0,0,0,0,0,0,0,,,0,Matches,44bfb6c5
664,Neymar,FWMF,br Brazil,34-162,1992,0.4,1,0,0,1,1,0,7,0,0,,,0,Matches,69384e5d
665,Nathan Ngoy,DF,be Belgium,23-037,2003,3.7,0,1,0,6,1,0,0,7,4,,,0,Matches,eb7abf2e
666,Moussa Niakhaté,DF,sn Senegal,30-131,1996,4.3,0,0,0,3,6,0,2,4,1,,,0,Matches,00242715
667,Gustaf Nilsson,FW,se Sweden,29-055,1997,0.0,0,0,0,0,0,0,0,0,0,,,0,Matches,a7d48b00
668,Felix Nmecha,MF,de Germany,25-280,2000,3.0,0,0,0,3,3,0,2,2,9,,,0,Matches,091c86e2
669,Kristoffer Nordfeldt,GK,se Sweden,37-024,1989,2.0,0,0,0,0,0,0,0,0,0,,,0,Matches,78549904
670,Tyrese Noslin,MF,cw Curaçao,23-309,2002,0.2,0,0,0,0,2,0,3,0,0,,,0,Matches,c3709bd2
671,Ernest Nuamah,MF,gh Ghana,22-258,2003,1.0,0,0,0,2,2,0,1,0,1,,,0,Matches,234a703c
672,Matheus Nunes,DFMF,pt Portugal,27-324,1998,0.0,0,0,0,0,0,0,0,0,0,,,0,Matches,e6af02e0
673,Darwin Núñez,FW,uy Uruguay,27-023,1999,1.7,0,0,0,1,1,2,1,2,1,,,0,Matches,4d77b365
674,Antonio Nusa,FW,no Norway,21-091,2005,3.5,1,0,0,1,5,2,7,2,2,,,0,Matches,4ab12002
675,Benjamin Nygren,MF,se Sweden,25-009,2001,1.4,0,0,0,3,0,0,5,0,0,,,0,Matches,d6ebf67f
676,Ørjan Nyland,GK,no Norway,35-310,1990,5.3,0,0,0,0,0,0,0,1,0,,,0,Matches,bdedffac
677,Aiden O'Neill,MF,au Australia,28-013,1998,4.0,0,0,0,2,8,0,10,2,2,,,0,Matches,c7aee75b
678,Nico O'Reilly,DF,eng England,21-118,2005,5.1,1,0,0,6,4,0,4,5,3,,,0,Matches,91ca4a16
679,Salim Obaid,DF,jo Jordan,34-181,1992,0.2,0,0,0,1,0,0,0,0,2,,,0,Matches,f494bf5f
680,Armando Obispo,DF,cw Curaçao,27-134,1999,3.0,0,0,0,1,0,1,0,7,1,,,0,Matches,2ffa6348
681,Guillermo Ochoa,GK,mx Mexico,41-004,1985,0.1,0,0,0,0,0,0,0,0,0,,,0,Matches,1e9bde92
682,Kōki Ogawa,FW,jp Japan,28-343,1997,0.5,0,0,0,1,0,0,0,0,0,,,0,Matches,3d2e8955
683,Braian Ojeda,MF,py Paraguay,26-020,2000,0.2,0,0,0,0,0,0,0,0,0,,,0,Matches,60953af0
684,Noah Okafor,FWMF,ch Switzerland,26-054,2000,0.2,0,0,0,0,0,0,0,0,1,,,0,Matches,ca607d59
685,Ime Okon,DF,za South Africa,22-147,2004,4.0,0,0,0,1,0,0,0,5,2,,,0,Matches,3cb58055
686,Paul Okon-Engstler,MF,au Australia,21-174,2005,2.2,0,0,0,3,2,0,2,5,2,,,0,Matches,ecd6464a
687,Ben Old,MF,nz New Zealand,23-338,2002,1.0,0,0,0,0,1,0,1,1,0,,,0,Matches,e14e818c
688,Michael Olise,MF,fr France,24-217,2001,6.2,1,0,0,4,16,0,22,3,6,,,0,Matches,c4486bac
689,Mathías Olivera,DF,uy Uruguay,28-259,1997,3.0,1,0,0,3,0,0,5,2,4,,,0,Matches,41c12f75
690,Dani Olmo,MF,es Spain,28-071,1998,4.6,0,0,0,5,8,0,0,1,5,,,0,Matches,ae44e8e2
691,Tani Oluwaseyi,FW,ca Canada,26-063,2000,2.9,0,0,0,5,5,1,2,0,3,,,0,Matches,950ef017
692,Ali Olwan,MF,jo Jordan,26-113,2000,3.0,0,0,0,1,4,1,5,1,0,,,0,Matches,33c1d68d
693,Amadou Onana,MF,be Belgium,24-335,2001,1.2,0,0,0,1,3,0,0,2,2,,,0,Matches,828657ff
694,Christopher Opéri,DF,ci Côte d'Ivoire,29-079,1997,1.0,0,0,0,2,0,0,2,1,2,,,0,Matches,914bb955
695,Jerome Opoku,DF,gh Ghana,27-276,1998,3.0,0,0,0,2,4,0,0,1,2,,,0,Matches,091d6ee5
696,Joel Ordóñez,DF,ec Ecuador,22-087,2004,2.5,0,0,0,1,1,0,0,1,5,,,0,Matches,2990a15c
697,Jonathan Osorio,MF,ca Canada,34-035,1992,0.1,0,0,0,0,1,0,0,1,0,,,0,Matches,70106ff6
698,Nicolás Otamendi,DF,ar Argentina,38-155,1988,1.9,0,0,0,3,0,1,0,5,2,,,0,Matches,0d267745
699,Zakaria El Ouahdi,DFMF,ma Morocco,24-198,2001,0.2,0,0,0,1,1,0,0,0,0,,,0,Matches,a3d79d3c
700,Ayoub Al-Oui,DF,qa Qatar,21-128,2005,1.7,0,0,0,1,0,0,0,2,0,,,0,Matches,010e5bae
701,Azzedine Ounahi,MF,ma Morocco,26-089,2000,4.8,1,0,0,3,7,0,4,1,1,,,0,Matches,83299cc0
702,Mohammed Al-Owais,GK,sa Saudi Arabia,34-280,1991,3.0,0,0,0,0,1,0,0,0,0,,,0,Matches,f2c060c6
703,Elisha Owusu,MF,gh Ghana,28-252,1997,1.7,0,0,0,2,0,0,3,0,3,,,0,Matches,e2781082
704,Mikel Oyarzabal,FW,es Spain,29-087,1997,6.0,0,0,0,3,4,0,3,1,4,,,0,Matches,8c3c640c
705,Salih Özcan,MF,tr Türkiye,28-187,1998,1.1,0,0,0,2,2,0,1,4,1,,,0,Matches,15413fa5
706,Willian Pacho,DF,ec Ecuador,24-274,2001,4.0,0,0,0,3,2,0,0,8,2,,,0,Matches,ecbe2839
707,Kendry Páez,MF,ec Ecuador,19-074,2007,0.1,1,0,0,1,0,0,0,0,0,,,0,Matches,f3bb9f59
708,Exequiel Palacios,DF,ar Argentina,27-285,1998,1.0,0,0,0,1,1,0,0,5,0,,,0,Matches,e82adcab
709,Lucas Paquetá,MF,br Brazil,28-324,1997,2.6,0,0,0,3,6,0,5,5,4,,,0,Matches,9b6f7fd5
710,Leandro Paredes,MF,ar Argentina,32-018,1994,4.4,1,0,0,5,2,0,1,3,5,,,0,Matches,dff153a4
711,Thomas Partey,MF,gh Ghana,33-034,1993,3.0,0,0,0,2,5,0,0,6,4,,,0,Matches,529f49ab
712,Marco Pašalić,MF,hr Croatia,25-306,2000,1.1,0,0,0,0,2,2,11,1,2,,,0,Matches,1866b0f1
713,Mario Pašalić,MF,hr Croatia,31-158,1995,1.4,0,0,0,2,0,1,1,1,1,,,0,Matches,e599253a
714,Nathan Patterson,DF,sct Scotland,24-274,2001,2.1,0,0,0,2,0,0,1,3,2,,,0,Matches,230f0471
715,João Paulo Fernandes,DF,cv Cabo Verde,28-052,1998,1.2,0,0,0,0,4,0,5,6,1,,,0,Matches,afcac9da
716,Aleksandar Pavlovic,MF,de Germany,22-075,2004,3.0,1,0,0,13,4,0,1,2,3,,,0,Matches,2658c82f
717,Tim Payne,DF,nz New Zealand,32-188,1994,2.5,0,0,0,2,2,0,10,1,3,,,0,Matches,4e86877c
718,Nicolás Paz,MF,ar Argentina,21-312,2004,0.8,0,0,0,2,1,0,0,0,2,,,0,Matches,01bb93d5
719,Marcus Pedersen,DF,no Norway,26-001,2000,2.6,0,0,0,3,1,0,6,0,2,,,0,Matches,596cc50e
720,Pedri,MF,es Spain,23-234,2002,4.9,1,0,0,3,5,1,13,9,7,,,0,Matches,0d9b2d31
721,Nicolas Pépé,FW,ci Côte d'Ivoire,31-049,1995,2.6,1,0,0,1,1,1,10,3,0,,,0,Matches,57e3f0c7
722,Ricardo Pepi,FW,us United States,23-189,2003,2.3,0,0,0,5,3,2,0,1,1,,,0,Matches,a2b1ed42
723,Kojo Peprah Oppong,DF,gh Ghana,22-043,2004,0.5,1,0,0,1,0,0,0,0,0,,,0,Matches,37a6fdb3
724,Ivan Perišić,MFDF,hr Croatia,37-165,1989,4.0,2,0,0,4,1,0,20,4,4,,,0,Matches,6fe90922
725,Jens Petter Hauge,DFFW,no Norway,26-278,1999,0.1,0,0,0,0,0,0,0,0,0,,,0,Matches,12c35abe
726,Charles Pickel,DFMF,cd Congo DR,29-063,1997,0.4,1,0,0,2,1,0,0,0,0,,,0,Matches,f71ad8cb
727,Jordan Pickford,GK,eng England,32-132,1994,7.3,0,0,0,0,4,0,0,0,0,,,0,Matches,4806ec67
728,Pico,DF,cv Cabo Verde,34-030,1992,4.3,0,0,0,0,3,0,0,7,5,,,0,Matches,faef0f92
729,Frantzdy Pierrot,FW,ht Haiti,31-110,1995,1.6,1,0,0,5,4,2,0,0,0,,,0,Matches,307877be
730,Kevin Pina,MF,cv Cabo Verde,29-171,1997,3.9,1,0,0,5,3,0,2,3,7,,,0,Matches,296026ae
731,Wagner Pina,DF,cv Cabo Verde,23-256,2002,1.0,1,0,0,1,3,0,2,1,0,,,0,Matches,9bf22b95
732,Orbelín Pineda,FWMF,mx Mexico,30-115,1996,0.3,0,0,0,0,2,0,0,0,0,,,0,Matches,411fabd7
733,Yéremy Pino,FWMF,es Spain,23-270,2002,0.8,0,0,0,2,0,1,1,0,0,,,0,Matches,540ec57b
734,Isidro Pitta,FW,py Paraguay,26-337,1999,0.5,0,0,0,2,0,2,0,0,0,,,0,Matches,e9fc7295
735,Johny Placide,GK,ht Haiti,38-169,1988,3.0,1,0,0,0,0,0,0,0,0,,,0,Matches,f1666a9d
736,Gonzalo Plata,FW,ec Ecuador,25-258,2000,4.0,1,0,0,5,4,0,8,2,5,,,0,Matches,54bcdeb0
737,Marin Pongračić,DF,hr Croatia,28-309,1997,3.0,0,0,0,3,0,0,0,0,3,,,0,Matches,2a6cd437
738,Jackson Porozo,DF,ec Ecuador,25-347,2000,0.3,1,0,0,2,0,0,0,0,0,,,0,Matches,7d704e92
739,Pedro Porro,DF,es Spain,26-307,1999,4.9,0,0,0,7,6,0,18,6,9,,,0,Matches,27d0a506
740,Stefan Posch,DF,at Austria,29-064,1997,3.7,2,0,0,7,3,0,3,10,4,,,0,Matches,7f609bfc
741,Alexander Prass,DFMF,at Austria,25-052,2001,0.3,0,0,0,0,0,0,3,0,0,,,0,Matches,6637e6a7
742,Ángelo Preciado,DFMF,ec Ecuador,28-149,1998,1.2,0,0,0,0,1,0,7,3,1,,,0,Matches,eadc8e4f
743,Ruben Providence,MF,ht Haiti,25-010,2001,2.4,0,0,0,3,5,0,6,0,2,,,0,Matches,26bab383
744,Lukáš Provod,FW,cz Czechia,29-267,1996,1.4,0,0,0,2,1,1,5,1,3,,,0,Matches,8f21b7bd
745,Marc Pubill,DF,es Spain,23-027,2003,0.0,0,0,0,0,0,0,0,0,0,,,0,Matches,365113c0
746,Gustavo Puerta,MF,co Colombia,22-359,2003,5.2,1,0,0,9,8,0,2,3,3,,,0,Matches,2c08cab0
747,Christian Pulisic,MF,us United States,27-302,1998,2.5,0,0,0,1,8,2,4,0,1,,,0,Matches,1bf33a9a
748,Ahmed Qasem,MFFW,iq Iraq,23-005,2003,1.4,0,0,0,0,1,0,1,0,0,,,0,Matches,27219ecb
749,Jarell Quansah,DF,eng England,23-169,2003,1.3,1,1,0,1,0,0,1,0,0,,,0,Matches,4125cb98
750,Julián Quiñones,FWMF,mx Mexico,29-115,1997,4.6,0,0,0,5,7,1,3,0,0,,,0,Matches,5535c728
751,Alberto Quintero,FWMF,pa Panama,38-211,1987,0.0,0,0,0,1,0,0,1,0,0,,,0,Matches,5854ae43
752,Juan Quintero,FWMF,co Colombia,33-180,1993,1.3,0,0,0,0,1,0,12,0,0,,,0,Matches,540d0b37
753,Ramy Rabia,DF,eg Egypt,33-058,1993,4.1,0,0,0,3,2,0,0,3,5,,,0,Matches,e32afa36
754,Adrien Rabiot,MF,fr France,31-105,1995,5.5,1,0,0,11,3,1,2,9,5,,,0,Matches,8794e251
755,Stjepan Radeljić,DF,ba Bosnia–Herz,28-315,1997,2.0,1,0,0,1,3,0,0,0,1,,,0,Matches,30e03a25
756,Soufiane Rahimi,FW,ma Morocco,30-045,1996,1.8,0,0,0,5,6,2,1,0,2,,,0,Matches,f126a259
757,Abdul Rahman Baba,DFMF,gh Ghana,32-015,1994,0.0,0,0,0,0,0,0,0,0,0,,,0,Matches,e4086af3
758,Anthony Ralston,DF,sct Scotland,27-243,1998,0.1,0,0,0,2,0,0,1,0,0,,,0,Matches,56208b05
759,Gonçalo Ramos,FW,pt Portugal,25-027,2001,0.4,0,0,0,0,0,0,0,0,0,,,0,Matches,f63cda26
760,Jiovany Ramos,DF,pa Panama,29-172,1997,1.8,0,0,0,2,1,0,0,3,1,,,0,Matches,30cda59f
761,Jesse Randall,MF,nz New Zealand,23-332,2002,0.7,0,0,0,0,1,0,5,0,0,,,0,Matches,513ec88e
762,Raúl Rangel,GK,mx Mexico,26-142,2000,4.9,0,0,0,1,0,0,0,0,0,,,0,Matches,15f733fb
763,Raphinha,MFFW,br Brazil,29-215,1996,1.4,0,0,0,1,2,2,9,0,0,,,0,Matches,3423f250
764,Nizar Al Rashdan,MF,jo Jordan,27-116,1999,2.8,0,0,0,5,4,0,0,2,5,,,0,Matches,feaa0ffd
765,Marcus Rashford,MF,eng England,28-259,1997,2.0,0,0,0,5,1,1,15,0,2,,,0,Matches,a1d5bd30
766,Nicolas Raskin,MF,be Belgium,25-144,2001,3.8,0,0,0,12,3,0,7,2,5,,,0,Matches,dba1f190
767,David Raum,DF,de Germany,28-086,1998,1.2,0,0,0,2,0,0,13,1,1,,,0,Matches,7d450ed3
768,Noor Al Rawabdeh,MF,jo Jordan,29-143,1997,3.0,0,0,0,1,0,0,0,2,7,,,0,Matches,3bb06c86
769,Rayan,FWMF,br Brazil,19-348,2006,3.2,0,0,0,5,4,1,11,3,4,,,0,Matches,288647fc
770,Iqraam Rayners,FW,za South Africa,30-210,1995,1.8,0,0,0,1,1,2,2,0,0,,,0,Matches,190b0d5e
771,Tim Ream,DF,us United States,38-285,1987,4.0,0,0,0,0,2,0,0,6,1,,,0,Matches,28b40c9c
772,Tijjani Reijnders,MF,nl Netherlands,27-353,1998,2.2,0,0,0,0,3,1,15,2,0,,,0,Matches,afb61630
773,Omar Rekik,DF,tn Tunisia,24-209,2001,2.0,0,0,0,0,1,1,1,3,2,,,0,Matches,e69e0f7b
774,Israel Reyes,DF,mx Mexico,26-055,2000,2.2,0,0,0,1,0,0,2,3,1,,,0,Matches,0db8bbc4
775,Gio Reyna,MF,us United States,23-246,2002,1.5,0,0,0,1,3,0,1,0,0,,,0,Matches,7fa4e703
776,Ramin Rezaeian,DFMF,ir IR Iran,36-118,1990,3.0,0,0,0,2,3,1,18,2,5,,,0,Matches,c0ae3446
777,Chadi Riad,DF,ma Morocco,23-030,2003,3.8,0,0,0,0,1,0,0,4,1,,,0,Matches,b3b9b8b8
778,Declan Rice,MF,eng England,27-184,1999,5.2,2,0,0,3,0,1,39,2,1,,,0,Matches,1c7012b8
779,Chris Richards,DF,us United States,26-111,2000,4.0,1,0,0,8,3,0,0,4,3,,,0,Matches,0a3d6d2b
780,Fabian Rieder,MFFW,ch Switzerland,24-151,2002,3.4,0,0,0,3,6,0,13,1,3,,,0,Matches,c2bd8585
781,Richard Ríos,MF,co Colombia,26-045,2000,1.6,1,0,0,10,4,0,1,1,2,,,0,Matches,72da065d
782,Ró-Ró,DF,qa Qatar,35-345,1990,3.0,0,0,0,1,7,0,2,3,4,,,0,Matches,8735fe66
783,Andy Robertson,DF,sct Scotland,32-128,1994,2.5,1,0,0,3,1,0,10,2,1,,,0,Matches,2e4f5f03
784,Antonee Robinson,DFMF,us United States,28-343,1997,3.9,1,0,0,4,1,0,18,6,4,,,0,Matches,289601e6
785,Miles Robinson,DF,us United States,29-125,1997,1.0,0,0,0,2,0,0,0,1,1,,,0,Matches,782a95d9
786,Sergio Rochet,GK,uy Uruguay,33-116,1993,0.5,0,0,0,0,0,0,0,0,0,,,0,Matches,81b99b9e
787,Rodri,MF,es Spain,30-025,1996,7.0,0,0,0,9,6,1,4,3,17,,,0,Matches,6434f10d
788,Garry Rodrigues,MF,cv Cabo Verde,35-232,1990,0.8,0,0,0,0,0,2,2,1,2,,,0,Matches,149895bf
789,Brian Rodríguez,FWMF,uy Uruguay,26-058,2000,0.5,0,0,0,0,1,0,13,0,0,,,0,Matches,c86041d7
790,James Rodríguez,FWMF,co Colombia,35-005,1991,3.5,0,0,0,0,5,0,18,1,1,,,0,Matches,715bf047
791,Kevin Rodríguez,FW,ec Ecuador,26-135,2000,1.3,0,0,0,3,2,0,0,0,1,,,0,Matches,189fb038
792,Ricardo Rodríguez,DF,ch Switzerland,33-326,1992,5.7,0,0,0,11,2,0,19,4,7,,,0,Matches,7f78ad23
793,Tomás Rodríguez,FW,pa Panama,27-130,1999,0.5,0,0,0,3,1,0,0,0,0,,,0,Matches,59f97bc8
794,Godfried Roemeratoe,MF,cw Curaçao,26-332,1999,0.1,0,0,0,0,0,0,0,0,0,,,0,Matches,a646b710
795,Morgan Rogers,MF,eng England,23-356,2002,2.8,0,0,0,5,3,2,5,0,3,,,0,Matches,2e5915f1
796,Cristian Romero,DF,ar Argentina,28-081,1998,6.0,1,0,0,9,3,0,0,11,10,,,0,Matches,a3d94a58
797,Luis Romo,MF,mx Mexico,31-042,1995,2.9,0,0,0,1,3,0,1,4,4,,,0,Matches,e590bb10
798,Cristiano Ronaldo,FW,pt Portugal,41-162,1985,4.9,0,0,0,2,5,6,0,1,1,,,0,Matches,dea698d9
799,Eloy Room,GK,cw Curaçao,37-161,1989,3.0,0,0,0,0,0,0,0,0,0,,,0,Matches,6b33d86b
800,Marten de Roon,DFMF,nl Netherlands,35-110,1991,0.1,0,0,0,0,0,0,0,0,0,,,0,Matches,2a1beb34
801,Saed Al-Rosan,DF,jo Jordan,29-166,1997,0.1,0,0,0,0,0,0,0,0,0,,,0,Matches,f3115445
802,Antonio Rüdiger,DF,de Germany,33-136,1993,2.9,0,0,0,1,0,0,3,0,0,,,0,Matches,18b896d6
803,Fabián Ruiz Peña,MF,es Spain,30-105,1996,2.9,0,0,0,1,3,0,8,3,3,,,0,Matches,c0c7ff58
804,Mathew Ryan,GK,au Australia,34-100,1992,0.0,0,0,0,0,0,0,0,0,0,,,0,Matches,4535e4bb
805,Julian Ryerson,DF,no Norway,28-242,1997,2.5,0,0,0,6,1,0,15,0,8,,,0,Matches,009a4f60
806,Elias Saad,MFFW,tn Tunisia,26-202,1999,1.3,0,0,0,1,3,1,2,0,1,,,0,Matches,78a2284f
807,Marwane Saâdane,DFMF,ma Morocco,34-181,1992,0.0,0,0,0,0,1,0,0,0,0,,,0,Matches,14f47102
808,Mustafa Saadoon,DF,iq Iraq,25-053,2001,0.2,0,0,0,2,0,0,0,0,1,,,0,Matches,928dc5c9
809,Mahmoud Saber,MF,eg Egypt,24-352,2001,0.5,1,0,0,2,1,0,1,0,0,,,0,Matches,632c42f5
810,Marcel Sabitzer,MF,at Austria,32-122,1994,4.0,1,0,0,2,3,1,31,6,2,,,0,Matches,e280527c
811,Noah Sadiki,MF,cd Congo DR,21-212,2004,2.9,2,0,0,2,3,0,1,2,4,,,0,Matches,645481cc
812,Michal Sadílek,MF,cz Czechia,27-047,1999,2.0,0,0,0,0,3,0,12,2,2,,,0,Matches,7c9fa389
813,Alexis Saelemaekers,MF,be Belgium,27-020,1999,0.9,0,0,0,0,2,2,1,0,2,,,0,Matches,ee251371
814,Ismael Saibari,FW,ma Morocco,25-170,2001,4.2,0,0,0,8,3,3,5,0,2,,,0,Matches,3ec9f005
815,Bukayo Saka,MF,eng England,24-315,2001,3.0,0,0,0,4,7,3,17,1,6,,,0,Matches,bc7dc64d
816,Mohamed Salah,FWMF,eg Egypt,34-032,1992,4.7,0,0,0,5,13,1,14,2,0,,,0,Matches,e342ad68
817,Anass Salah-Eddine,DF,ma Morocco,24-180,2002,2.4,0,0,0,3,2,0,3,0,5,,,0,Matches,0d274394
818,Nathan Saliba,MF,ca Canada,22-160,2004,2.0,1,0,0,5,2,0,2,4,4,,,0,Matches,44cfc681
819,William Saliba,DF,fr France,25-115,2001,5.3,0,0,0,4,0,0,0,6,0,,,0,Matches,972aeb2a
820,Shurandy Sambo,DF,cw Curaçao,24-332,2001,0.0,0,0,0,0,0,0,0,1,0,,,0,Matches,4b1d5a70
821,Antonio Sanabria,FW,py Paraguay,30-135,1996,0.9,0,0,0,1,2,0,0,0,2,,,0,Matches,0a447501
822,Davinson Sánchez,DF,co Colombia,30-035,1996,5.3,1,0,0,6,5,1,0,6,2,,,0,Matches,da7b447d
823,Jorge Sánchez,DF,mx Mexico,28-219,1997,3.9,1,0,0,5,1,1,6,5,4,,,0,Matches,c8d1c3a5
824,Alex Sandro,DFMF,br Brazil,35-172,1991,0.1,0,0,0,1,0,0,0,0,0,,,0,Matches,0d82903c
825,Leroy Sané,MF,de Germany,30-187,1996,3.6,0,0,0,3,2,1,10,2,3,,,0,Matches,2b114be3
826,Ibrahim Sangaré,MF,ci Côte d'Ivoire,28-227,1997,3.0,0,0,0,2,4,0,0,6,5,,,0,Matches,bced0375
827,Kaishū Sano,MF,jp Japan,25-199,2000,3.0,1,0,0,4,1,0,1,4,2,,,0,Matches,7a7a6361
828,Danilo Santos,MF,br Brazil,25-079,2001,0.5,0,0,0,0,0,0,0,1,2,,,0,Matches,a816dbfb
829,Douglas Santos,DF,br Brazil,32-117,1994,4.9,1,0,0,3,2,1,6,6,10,,,0,Matches,c50e5bba
830,Bara Sapoko Ndiaye,MF,sn Senegal,18-198,2007,0.3,0,0,0,0,2,0,0,0,0,,,0,Matches,fa080d50
831,Ismaila Sarr,MFFW,sn Senegal,28-142,1998,4.0,0,0,0,1,9,2,2,2,1,,,0,Matches,bfdb33aa
832,Farrukh Sayfiev,DFMF,uz Uzbekistan,35-181,1991,0.5,0,0,0,0,2,0,2,0,0,,,0,Matches,bad66fb5
833,Amine Sbai,FWMF,ma Morocco,25-254,2000,0.1,0,0,0,2,0,0,2,0,0,,,0,Matches,bafbe06a
834,Joe Scally,DF,us United States,23-198,2002,1.0,0,0,0,0,2,1,4,1,1,,,0,Matches,236f02cd
835,Patrik Schick,FW,cz Czechia,30-174,1996,2.0,0,0,0,1,3,0,0,0,0,,,0,Matches,5d4f7d61
836,Andreas Schjelderup,FW,no Norway,22-046,2004,2.8,0,0,0,2,3,0,4,5,3,,,0,Matches,a427724f
837,Alexander Schlager,GK,at Austria,30-166,1996,4.0,0,0,0,0,1,0,0,0,0,,,0,Matches,6fe5c35b
838,Xaver Schlager,MF,at Austria,28-292,1997,2.6,0,0,0,6,0,0,1,7,3,,,0,Matches,8f056768
839,Nico Schlotterbeck,DF,de Germany,26-228,1999,1.5,0,0,0,2,1,0,0,3,2,,,0,Matches,34e12499
840,Romano Schmid,MFFW,at Austria,26-171,2000,2.9,0,0,0,3,4,0,3,0,4,,,0,Matches,220ace7e
841,Kamogelo Sebelebele,DFMF,za South Africa,23-361,2002,0.1,0,0,0,1,0,0,1,0,0,,,0,Matches,cc014f7d
842,Abdoulaye Seck,DF,sn Senegal,34-043,1992,0.6,1,0,0,1,1,0,0,0,0,,,0,Matches,f07a0fe5
843,Alidu Seidu,DF,gh Ghana,26-043,2000,0.9,1,0,0,1,0,0,1,1,1,,,0,Matches,cea59f02
844,Nicolas Seiwald,MF,at Austria,25-074,2001,3.5,0,0,0,1,1,0,3,4,5,,,0,Matches,28c6e925
845,Ayumu Seko,DF,jp Japan,26-040,2000,1.0,0,0,0,1,0,0,0,1,1,,,0,Matches,5c6a4059
846,Egil Selvik,GK,no Norway,28-352,1997,1.0,0,0,0,0,0,0,0,0,0,,,0,Matches,05d89c1c
847,Ken Sema,FWMF,se Sweden,32-290,1993,0.2,0,0,0,0,1,0,0,0,1,,,0,Matches,1770bd68
848,Nélson Semedo,DFMF,pt Portugal,32-243,1993,1.4,1,0,0,2,2,0,3,0,0,,,0,Matches,d04b94db
849,Willy Semedo,FW,cv Cabo Verde,32-081,1994,1.5,0,0,0,4,2,0,2,3,0,,,0,Matches,d1edc98f
850,Antoine Semenyo,MFFW,gh Ghana,26-191,2000,4.0,0,0,0,6,4,4,5,0,2,,,0,Matches,efd2ec23
851,Marvin Senaya,DF,gh Ghana,25-170,2001,3.1,0,0,0,6,4,0,8,6,12,,,0,Matches,1d383c10
852,Marcos Senesi,DF,ar Argentina,29-068,1997,1.0,0,0,0,0,2,0,0,2,0,,,0,Matches,35141f4c
853,Igor Sergeev,FW,uz Uzbekistan,33-078,1993,0.3,0,0,0,0,0,1,0,0,0,,,0,Matches,8df41977
854,Jean Seri,MF,ci Côte d'Ivoire,34-363,1991,0.2,0,0,0,0,0,0,3,0,1,,,0,Matches,10efd0e1
855,Kim Seung-gyu,GK,kr Korea Republic,35-290,1990,3.0,0,0,0,0,0,0,0,0,0,,,0,Matches,eabaafa6
856,Paik Seung-ho,MF,kr Korea Republic,29-122,1997,2.3,1,0,0,1,2,0,1,1,0,,,0,Matches,1e1bea09
857,Joaquin Seys,DF,be Belgium,21-111,2005,0.3,0,0,0,0,0,0,0,0,1,,,0,Matches,0beabf0a
858,Jacob Shaffelburg,MF,ca Canada,26-233,1999,1.0,0,0,0,2,1,0,18,2,1,,,0,Matches,339a2561
859,Mohammed Abu Al-Shamat,MF,sa Saudi Arabia,23-340,2002,1.5,0,0,0,2,1,0,3,1,3,,,0,Matches,dd65e243
860,Lawrence Shankland,FW,sct Scotland,30-341,1995,1.9,0,0,0,5,3,1,0,0,1,,,0,Matches,63b1a176
861,Sharara,FW,jo Jordan,28-199,1997,0.0,1,0,0,1,0,0,0,0,0,,,0,Matches,67e2aed8
862,Aimar Sher,MF,iq Iraq,23-209,2002,0.3,0,0,0,0,0,0,1,0,0,,,0,Matches,ef301f96
863,Kento Shiogai,FW,jp Japan,21-113,2005,0.1,0,0,0,0,0,0,0,0,0,,,0,Matches,6bc2fef7
864,Mostafa Shobeir,GK,eg Egypt,26-063,2000,5.3,1,0,0,0,5,0,0,0,0,,,0,Matches,0cb1d2ba
865,Eldor Shomurodov,FW,uz Uzbekistan,31-018,1995,3.0,0,0,0,8,4,1,1,0,4,,,0,Matches,57469b2d
866,Otabek Shukurov,MF,uz Uzbekistan,30-025,1996,2.6,0,0,0,2,5,0,1,0,2,,,0,Matches,62032a56
867,Nkosinathi Sibisi,DF,za South Africa,30-298,1995,1.0,1,0,0,1,0,0,0,1,0,,,0,Matches,932f8e2b
868,Kwasi Sibo,MF,gh Ghana,28-023,1998,2.8,0,0,0,7,1,0,0,2,0,,,0,Matches,be834ad7
869,Niko Sigur,MF,ca Canada,22-311,2003,1.4,1,0,0,5,1,0,5,0,1,,,0,Matches,5c56986b
870,Bernardo Silva,MF,pt Portugal,31-341,1994,1.1,2,0,0,3,0,0,0,1,0,,,0,Matches,3eb22ec9
871,Éderson Silva,MF,br Brazil,27-010,1999,0.2,0,0,0,1,0,0,2,1,0,,,0,Matches,a9202def
872,Giuliano Simeone,FW,ar Argentina,23-211,2002,1.6,0,0,0,6,1,1,2,1,1,,,0,Matches,a6536561
873,Dominique Simon,MF,ht Haiti,25-353,2000,0.6,0,0,0,1,1,0,1,1,1,,,0,Matches,ffd8e8c5
874,Unai Simón,GK,es Spain,29-036,1997,7.0,0,0,0,0,3,0,0,0,0,,,0,Matches,5dcf3e90
875,Sarpreet Singh,MF,nz New Zealand,27-147,1999,2.3,1,0,0,2,2,0,7,0,1,,,0,Matches,4ba886c6
876,Wilfried Singo,DF,ci Côte d'Ivoire,25-204,2000,1.9,0,0,0,3,1,0,1,4,0,,,0,Matches,8b609c34
877,Sphephelo Sithole,MF,za South Africa,27-136,1999,2.5,0,1,0,5,1,0,0,5,5,,,0,Matches,33bcd4b3
878,Ellyes Skhiri,MFDF,tn Tunisia,31-068,1995,2.8,0,0,0,0,1,0,0,2,1,,,1,Matches,c2211709
879,Alexandr Sojka,MFDF,cz Czechia,23-106,2003,1.6,0,0,0,0,2,0,6,2,1,,,0,Matches,765b7bfc
880,Ramón Sosa,FWMF,py Paraguay,26-320,1999,0.1,0,0,0,0,1,0,0,0,0,,,0,Matches,2d3417a1
881,Tomáš Souček,MF,cz Czechia,31-140,1995,1.5,0,0,0,3,1,2,1,1,0,,,0,Matches,6613c819
882,Harry Souttar,DF,au Australia,27-268,1998,4.3,1,0,0,8,1,0,0,4,0,,,0,Matches,0a6cb1b1
883,Djibril Sow,MF,ch Switzerland,29-161,1997,2.8,0,0,0,5,4,0,3,2,1,,,0,Matches,4c6facae
884,Çağlar Söyüncü,DF,tr Türkiye,30-055,1996,0.1,0,0,0,0,0,0,0,0,0,,,0,Matches,21166ff4
885,Djed Spence,DF,eng England,25-342,2000,3.5,0,0,0,1,3,0,6,4,8,,,0,Matches,9bc9a519
886,Marko Stamenic,MF,nz New Zealand,24-148,2002,3.0,1,0,0,4,0,0,1,4,1,,,0,Matches,690d1049
887,Josip Stanišić,DFMF,hr Croatia,26-106,2000,4.0,0,0,0,0,4,0,7,5,2,,,0,Matches,7ed08d5c
888,Carl Starfelt,DF,se Sweden,31-046,1995,0.0,0,0,0,0,0,0,0,0,0,,,0,Matches,5cfec13d
889,Ross Stewart,FW,sct Scotland,30-006,1996,0.0,0,0,0,0,0,0,0,0,0,,,0,Matches,18986367
890,Angelo Stiller,MF,de Germany,25-104,2001,0.5,0,0,0,0,0,0,0,1,1,,,0,Matches,3b1ed320
891,John Stones,DF,eng England,32-050,1994,3.7,0,0,0,1,1,0,1,0,0,,,0,Matches,5eecec3d
892,Jørgen Strand Larsen,FW,no Norway,26-161,2000,1.2,0,0,0,0,2,1,0,0,0,,,0,Matches,f553b2b3
893,Elliot Stroud,MF,se Sweden,24-025,2002,1.8,0,0,0,3,1,0,4,3,0,,,0,Matches,ff11bdec
894,Luis Suárez,FW,co Colombia,28-227,1997,3.7,1,0,0,7,8,1,2,0,4,,,0,Matches,eeba07f8
895,Luka Sučić,FWMF,hr Croatia,23-312,2002,0.2,0,0,0,0,0,0,0,0,0,,,0,Matches,1e1378e1
896,Petar Sučić,MFFW,hr Croatia,22-265,2003,3.2,1,0,0,7,6,1,4,1,2,,,0,Matches,23fb46ea
897,Yukinari Sugawara,MF,jp Japan,26-019,2000,1.6,0,0,0,3,1,0,4,0,3,,,0,Matches,580bcd18
898,Rebin Sulaka,DF,iq Iraq,34-096,1992,0.5,0,1,0,1,0,0,0,1,0,,,0,Matches,928bec06
899,Pavel Šulc,FW,cz Czechia,25-200,2000,2.1,0,0,0,2,1,1,1,0,2,,,0,Matches,e9b893af
900,Kamaldeen Sulemana,MFFW,gh Ghana,24-152,2002,1.4,0,0,0,2,1,1,4,1,2,,,0,Matches,a62f8bf1
901,Crysencio Summerville,FW,nl Netherlands,24-260,2001,2.8,1,0,0,2,5,1,7,2,2,,,0,Matches,df04eb4b
902,Ivan Šunjić,MF,ba Bosnia–Herz,29-281,1996,2.2,0,0,0,7,0,0,1,0,3,,,0,Matches,e18098de
903,Finn Surman,DF,nz New Zealand,22-297,2003,3.0,0,0,0,4,2,0,0,4,1,,,0,Matches,016e419b
904,Josip Šutalo,DF,hr Croatia,26-139,2000,4.0,0,0,0,2,1,0,0,6,4,,,0,Matches,33a6a650
905,Junnosuke Suzuki,DF,jp Japan,23-005,2003,0.5,1,0,0,2,0,0,0,1,0,,,0,Matches,77428b1e
906,Yuito Suzuki,FWMF,jp Japan,24-265,2001,0.1,0,0,0,0,0,0,0,0,1,,,0,Matches,c25a7a2a
907,Zion Suzuki,GK,jp Japan,23-330,2002,4.0,0,0,0,0,1,0,0,0,0,,,0,Matches,51e1f4f5
908,Mattias Svanberg,MF,se Sweden,27-193,1999,0.2,0,0,0,0,1,0,0,1,1,,,0,Matches,92d83c27
909,Daniel Svensson,DF,se Sweden,24-155,2002,1.1,0,0,0,0,0,1,2,1,2,,,0,Matches,124c9382
910,Alexander Sørloth,FW,no Norway,30-224,1995,3.7,0,0,0,6,2,2,5,0,1,,,0,Matches,e92cd3f7
911,Musa Al-Taamari,FW,jo Jordan,29-037,1997,2.4,0,0,0,2,3,1,0,0,0,,,0,Matches,f15f8b2b
912,Haris Tabaković,FW,ba Bosnia–Herz,32-027,1994,0.2,0,0,0,0,0,0,0,0,0,,,0,Matches,723b19c7
913,Lee Tae-seok,MF,kr Korea Republic,23-354,2002,1.3,0,0,0,3,1,0,8,0,3,,,0,Matches,32257cce
914,Nicolás Tagliafico,DF,ar Argentina,33-320,1992,4.0,0,0,0,4,13,2,2,3,2,,,0,Matches,f0661424
915,Jonathan Tah,DF,de Germany,30-156,1996,4.1,0,0,0,5,1,0,1,1,3,,,0,Matches,bd142efb
916,Benjamin Tahirovic,MF,ba Bosnia–Herz,23-136,2003,2.6,0,0,0,3,2,0,2,4,4,,,0,Matches,eb3022c3
917,Zaid Tahseen,DF,iq Iraq,25-169,2001,1.7,1,0,0,3,2,0,0,0,1,,,0,Matches,f3380f7e
918,Chemsdine Talbi,MF,ma Morocco,21-069,2005,2.0,0,0,0,0,1,0,9,2,2,,,0,Matches,47ce793b
919,Montassar Talbi,DF,tn Tunisia,28-052,1998,3.0,0,0,0,1,1,0,0,5,2,,,0,Matches,a4a44eb0
920,Hassan Al Tambakti,DF,sa Saudi Arabia,27-158,1999,2.4,0,0,0,0,1,0,0,3,3,,,1,Matches,6d78c320
921,Ao Tanaka,MF,jp Japan,27-310,1998,2.1,0,0,0,6,2,0,0,1,6,,,0,Matches,1d36d6b6
922,Shogo Taniguchi,DF,jp Japan,35-002,1991,2.6,1,0,0,2,1,0,0,1,0,,,0,Matches,828a9c47
923,Mehdi Taremi,FW,ir IR Iran,33-364,1992,2.9,0,0,0,3,5,2,1,2,2,,,0,Matches,4c2a5d34
924,Aurélien Tchouaméni,MF,fr France,26-171,2000,4.0,1,0,0,4,3,0,2,6,14,,,0,Matches,4f255115
925,Arthur Theate,DF,be Belgium,26-053,2000,2.5,0,0,0,1,0,0,0,3,0,,,0,Matches,df8d6029
926,Igor Thiago,FW,br Brazil,25-021,2001,0.7,0,0,0,2,0,0,0,0,1,,,0,Matches,dc45ac24
927,Malick Thiaw,DFMF,de Germany,24-343,2001,0.5,0,0,0,1,1,0,0,0,2,,,0,Matches,ff5ea0bf
928,Ryan Thomas,MF,nz New Zealand,31-209,1994,0.9,0,0,0,3,3,0,1,0,2,,,0,Matches,95efdac2
929,Brandon Thomas-Asante,FWMF,gh Ghana,27-200,1998,0.6,0,0,0,0,1,1,1,0,0,,,0,Matches,fb152f96
930,Morten Thorsby,MF,no Norway,30-073,1996,0.5,0,0,0,1,0,0,0,1,1,,,0,Matches,d1b49282
931,Kristian Thorstvedt,MF,no Norway,27-126,1999,0.7,0,0,0,2,1,0,0,0,1,,,0,Matches,76ff8d0d
932,Marcus Thuram,FWMF,fr France,28-345,1997,0.0,0,0,0,0,0,0,0,0,0,,,0,Matches,6f8cd6d0
933,Youri Tielemans,MF,be Belgium,29-071,1997,5.3,0,0,0,7,10,1,15,2,6,,,0,Matches,56f7a928
934,Kieran Tierney,MF,sct Scotland,29-042,1997,1.2,0,0,0,3,2,0,7,2,1,,,0,Matches,fce2302c
935,Guus Til,FWMF,nl Netherlands,28-207,1997,0.4,0,0,0,0,0,0,0,0,0,,,0,Matches,6e44569a
936,Malik Tillman,MF,us United States,24-050,2002,4.0,1,0,0,3,13,0,14,5,7,,,0,Matches,a5420709
937,Quinten Timber,MF,nl Netherlands,25-030,2001,0.6,0,0,0,0,2,0,1,1,0,,,0,Matches,803e7aca
938,Takehiro Tomiyasu,DF,jp Japan,27-254,1998,2.0,0,0,0,5,2,0,2,2,1,,,0,Matches,b3af9be1
939,Ivan Toney,FW,eng England,30-123,1996,0.0,0,0,0,0,0,0,0,0,0,,,0,Matches,e09f279b
940,Mehdi Torabi,MF,ir IR Iran,31-310,1994,0.3,0,0,0,0,0,0,2,1,0,,,0,Matches,74567feb
941,Félix Torres Caicedo,DF,ec Ecuador,29-187,1997,0.1,0,0,0,0,0,0,0,0,0,,,0,Matches,c0a8860f
942,Ferrán Torres,FW,es Spain,26-138,2000,2.5,1,0,0,5,2,2,4,0,0,,,0,Matches,9e1035f8
943,Sebastian Tounekti,FW,tn Tunisia,24-004,2002,0.9,0,0,0,1,0,0,3,0,0,,,0,Matches,584fee1f
944,Bazoumana Touré,MF,ci Côte d'Ivoire,20-137,2006,0.9,0,0,0,0,1,0,2,0,1,,,0,Matches,93945a50
945,Mo Touré,FW,au Australia,22-113,2004,1.8,0,0,0,4,2,1,1,0,1,,,0,Matches,8ac64b4e
946,Kai Trewin,DFMF,au Australia,25-060,2001,0.8,0,0,0,0,1,0,2,2,0,,,0,Matches,1ab3d134
947,Trézéguet,MF,eg Egypt,31-289,1994,1.8,0,0,0,3,2,0,2,1,0,,,0,Matches,3ae14ed1
948,Francisco Trincão,FWMF,pt Portugal,26-200,1999,0.3,0,0,0,0,0,0,0,0,1,,,0,Matches,77e39b04
949,Leandro Trossard,MFFW,be Belgium,31-225,1994,5.6,0,0,0,4,8,1,7,4,1,,,0,Matches,38ceb24a
950,Auston Trusty,DF,us United States,27-339,1998,1.1,0,0,0,2,0,0,2,4,1,,,0,Matches,cddf767b
951,Axel Tuanzebe,DF,cd Congo DR,28-245,1997,4.0,0,0,0,3,3,0,0,1,2,,,0,Matches,2baec6ce
952,Matt Turner,GK,us United States,32-023,1994,1.0,0,0,0,0,0,0,0,0,0,,,0,Matches,4a51ba65
953,Ayase Ueda,FW,jp Japan,27-310,1998,3.6,0,0,0,6,4,1,0,0,1,,,0,Matches,c0295327
954,Manuel Ugarte,MF,uy Uruguay,25-097,2001,2.0,0,0,0,1,0,0,0,3,1,,,0,Matches,c9817014
955,Deniz Undav,FW,de Germany,29-363,1996,1.7,0,0,0,3,0,0,1,0,0,,,0,Matches,dd549382
956,Dayot Upamecano,DF,fr France,27-263,1998,6.8,0,0,0,6,4,0,0,13,11,,,0,Matches,d248cd8f
957,Jakhongir Urozov,DF,uz Uzbekistan,22-180,2004,1.1,0,0,0,0,0,0,0,1,0,,,0,Matches,71210bed
958,Oston Urunov,MF,uz Uzbekistan,25-210,2000,0.7,0,0,0,0,0,0,0,1,0,,,0,Matches,56521adf
959,Can Uzun,MF,tr Türkiye,20-248,2005,0.4,0,0,0,0,1,0,0,0,0,,,0,Matches,1d0b134a
960,Enner Valencia,FW,ec Ecuador,36-255,1989,3.2,0,0,0,4,7,2,1,0,1,,,0,Matches,fb485406
961,Yan Valery,DF,tn Tunisia,27-145,1999,2.8,0,0,0,4,0,1,7,4,1,,,0,Matches,531a4aa8
962,Federico Valverde,MF,uy Uruguay,27-360,1998,2.6,0,0,0,1,0,0,11,3,2,,,0,Matches,0959c2a2
963,Virgil van Dijk,DF,nl Netherlands,35-009,1991,4.3,0,0,0,2,2,0,0,3,1,,,0,Matches,e06683ca
964,Hans Vanaken,MF,be Belgium,33-327,1992,3.5,0,0,0,0,6,0,2,1,1,,,0,Matches,392a7aea
965,Guillermo Varela,DF,uy Uruguay,33-115,1993,3.0,1,0,0,1,1,0,9,7,1,,,0,Matches,5c961282
966,Hélio Varela,FW,cv Cabo Verde,24-075,2002,1.2,0,0,0,1,2,1,1,0,0,,,0,Matches,91c99fec
967,Camilo Vargas,GK,co Colombia,37-130,1989,5.3,0,0,0,0,0,0,0,0,0,,,0,Matches,004e3d0f
968,Obed Vargas,MF,mx Mexico,20-346,2005,0.7,0,0,0,1,0,0,0,1,2,,,0,Matches,9cc1fde4
969,Ruben Vargas,MF,ch Switzerland,27-346,1998,3.2,0,0,0,6,6,2,23,2,2,,,0,Matches,6ecbddf6
970,Nikola Vasilj,GK,ba Bosnia–Herz,30-227,1995,4.0,0,0,0,0,0,0,0,0,0,,,0,Matches,f038585f
971,Johan Vásquez,DF,mx Mexico,27-268,1998,4.0,1,0,0,0,2,0,1,2,1,,,0,Matches,5eaed77a
972,Alexis Vega,FWMF,mx Mexico,28-234,1997,0.1,0,0,0,0,0,0,1,0,0,,,0,Matches,f40f4c38
973,Renato Veiga,DF,pt Portugal,22-353,2003,5.0,2,0,0,5,3,0,0,6,1,,,0,Matches,fc8fcbd1
974,Gustavo Velásquez,DF,py Paraguay,35-091,1991,2.7,0,0,0,2,0,0,3,1,1,,,0,Matches,b99b4cf5
975,Nishan Velupillay,MF,au Australia,25-071,2001,0.8,0,0,0,1,0,0,0,0,1,,,0,Matches,40cb6b33
976,Micky van de Ven,DFMF,nl Netherlands,25-089,2001,2.9,1,0,0,5,1,0,2,2,3,,,0,Matches,8fe2a392
977,Bart Verbruggen,GK,nl Netherlands,23-333,2002,4.3,0,0,0,0,0,0,0,0,0,,,0,Matches,cf134113
978,Matías Viña,DF,uy Uruguay,28-250,1997,0.5,0,0,0,0,1,1,2,0,0,,,0,Matches,08eb3b58
979,Federico Viñas,FW,uy Uruguay,28-017,1998,2.1,0,0,0,3,3,3,0,1,2,,,0,Matches,d30c7094
980,Denis Višinský,FW,cz Czechia,23-118,2003,0.6,0,0,0,0,1,0,0,0,0,,,0,Matches,d5aac0e9
981,Pedro Vite,MF,ec Ecuador,24-130,2002,4.0,0,0,0,2,5,0,6,5,11,,,0,Matches,9c146b36
982,Vitinha,MF,pt Portugal,26-154,2000,4.2,0,0,0,4,5,0,1,2,0,,,0,Matches,3b029691
983,Nikola Vlašić,MF,hr Croatia,28-286,1997,2.1,0,0,0,5,0,2,3,1,2,,,0,Matches,aa8e289e
984,Cristian Volpato,MF,au Australia,22-244,2003,1.8,0,0,0,1,2,0,11,0,1,,,0,Matches,72f87f25
985,Vozinha,GK,cv Cabo Verde,40-044,1986,4.3,0,0,0,0,3,0,0,0,0,,,0,Matches,dc04ac24
986,Francis de Vries,DF,nz New Zealand,31-231,1994,0.2,0,0,0,0,0,0,3,1,0,,,0,Matches,90a63dda
987,Luka Vušković,DF,hr Croatia,19-143,2007,0.7,0,0,0,1,1,0,0,1,0,,,0,Matches,fd6bdbce
988,Elye Wahi,FW,ci Côte d'Ivoire,23-196,2003,1.2,0,0,0,0,0,0,0,0,1,,,0,Matches,0d7b6576
989,Aaron Wan-Bissaka,DF,cd Congo DR,28-233,1997,3.9,0,0,0,1,1,1,6,7,4,,,0,Matches,9e525177
990,Paul Wanner,MF,at Austria,20-206,2005,2.6,0,0,0,4,2,0,1,2,1,,,0,Matches,cb64672e
991,Tsuyoshi Watanabe,DF,jp Japan,29-162,1997,1.0,0,0,0,0,1,0,1,0,2,,,0,Matches,d5f5955a
992,Cecilio Waterman,FW,pa Panama,35-095,1991,0.8,0,0,0,1,1,0,0,0,0,,,0,Matches,ddd5637f
993,Ollie Watkins,FWMF,eng England,30-199,1995,0.1,0,0,0,0,0,0,1,0,0,,,0,Matches,aed3a70f
994,Timothy Weah,MF,us United States,26-145,2000,0.8,0,0,0,2,0,2,0,0,0,,,0,Matches,8eec784d
995,Wout Weghorst,FW,nl Netherlands,33-344,1992,0.6,0,0,0,1,2,0,0,0,1,,,0,Matches,c4e87b8b
996,Jacob Widell Zetterström,GK,se Sweden,28-006,1998,2.0,0,0,0,0,0,0,0,0,0,,,0,Matches,ac5120d8
997,Silvan Widmer,DF,ch Switzerland,33-134,1993,1.9,0,0,0,2,0,0,4,1,4,,,0,Matches,f68b64fc
998,Iñaki Williams,MFFW,gh Ghana,32-032,1994,1.4,1,0,0,2,1,1,4,1,0,,,0,Matches,6a99e0b1
999,Nico Williams,MF,es Spain,24-005,2002,0.7,0,0,0,0,1,0,4,0,1,,,0,Matches,afdc14d7
1000,Ronwen Williams,GK,za South Africa,34-177,1992,4.0,0,0,0,0,0,0,0,1,0,,,0,Matches,a66cc153
1001,Patrick Wimmer,FWMF,at Austria,25-048,2001,0.2,0,0,0,3,1,0,0,2,0,,,0,Matches,cb11b429
1002,Florian Wirtz,MF,de Germany,23-075,2003,4.0,0,0,0,1,3,1,13,2,6,,,0,Matches,e7fcf289
1003,Yoane Wissa,FW,cd Congo DR,29-317,1996,4.0,0,0,0,5,9,1,0,0,1,,,0,Matches,2500cef9
1004,Axel Witsel,DFMF,be Belgium,37-186,1989,0.4,1,0,0,2,1,0,0,0,0,,,0,Matches,5dfc6ad5
1005,Nick Woltemade,FWMF,de Germany,24-153,2002,0.4,0,0,0,0,0,0,0,0,1,,,0,Matches,7ca196eb
1006,Chris Wood,FW,nz New Zealand,34-222,1991,3.0,0,0,0,2,1,4,0,0,1,,,0,Matches,4e9a0555
1007,Haji Wright,FWMF,us United States,28-112,1998,0.0,0,0,0,0,0,1,0,0,0,,,0,Matches,91cd37b7
1008,Granit Xhaka,MF,ch Switzerland,33-293,1992,6.7,2,0,0,4,12,0,4,4,4,,,0,Matches,e61b8aee
1009,Kevin Yakob,MF,iq Iraq,25-280,2000,0.3,0,0,0,1,0,0,0,1,0,,,0,Matches,18d3b8df
1010,Lamine Yamal,MFFW,es Spain,19-004,2007,5.5,0,0,0,12,8,7,29,2,6,,,0,Matches,82ec26c1
1011,Yannick,MF,cv Cabo Verde,30-200,1995,0.4,0,0,0,1,1,0,2,2,1,,,0,Matches,6246aa55
1012,Gessime Yassine,MF,ma Morocco,20-237,2005,0.9,0,0,0,2,3,0,1,1,2,,,0,Matches,f5ccae19
1013,John Yeboah,MF,ec Ecuador,26-024,2000,3.5,0,0,0,0,4,0,11,3,3,,,0,Matches,8dfdc6c3
1014,Tete Yengi,FW,au Australia,25-231,2000,0.3,0,0,0,3,0,0,1,0,2,,,0,Matches,1c215c70
1015,Kenan Yıldız,MF,tr Türkiye,21-074,2005,2.4,0,0,0,2,4,0,6,1,2,,,0,Matches,d8cda243
1016,Caleb Yirenkyi,MF,gh Ghana,20-183,2006,2.9,2,0,0,7,3,0,1,3,1,,,0,Matches,d40ce7b0
1017,Seol Young-woo,MF,kr Korea Republic,27-224,1998,2.8,0,0,0,1,2,4,9,1,0,,,0,Matches,8e577e1d
1018,Manaf Younis,DF,iq Iraq,29-243,1996,0.8,0,0,0,0,0,0,0,1,1,,,0,Matches,b798826e
1019,Aria Yousefi,MF,ir IR Iran,24-086,2002,0.5,0,0,0,0,1,0,0,1,0,,,0,Matches,fd069512
1020,Ali Yousif,FW,iq Iraq,30-179,1996,0.4,0,0,0,1,0,0,0,0,1,,,0,Matches,943fd50a
1021,İsmail Yüksek,MF,tr Türkiye,27-172,1999,1.5,0,0,0,2,0,0,0,2,5,,,0,Matches,6c5af908
1022,Utkir Yusupov,GK,uz Uzbekistan,35-194,1991,1.0,0,0,0,0,1,0,0,0,0,,,0,Matches,31caffaf
1023,Warren Zaïre-Emery,DFMF,fr France,20-131,2006,0.2,0,0,0,1,0,0,1,1,0,,,0,Matches,6b9960cf
1024,Denis Zakaria,DF,ch Switzerland,29-239,1996,4.0,2,0,0,4,0,1,13,9,5,,,0,Matches,384d58d9
1025,Jaroslav Zelený,MF,cz Czechia,33-331,1992,1.4,0,0,0,0,2,0,4,0,0,,,0,Matches,bc647827
1026,Alejandro Zendejas,FWMF,us United States,28-160,1998,0.2,0,0,0,1,0,0,1,0,1,,,0,Matches,d717b80e
1027,Besfort Zeneli,MF,se Sweden,23-238,2002,0.7,0,0,0,1,0,0,1,1,0,,,0,Matches,6be253bf
1028,Ramiz Zerrouki,MF,dz Algeria,28-052,1998,1.2,1,0,0,4,0,0,0,2,1,,,0,Matches,c762b1a6
1029,Luca Zidane,GK,dz Algeria,28-065,1998,3.0,0,0,0,0,0,0,0,0,0,,,0,Matches,c818c4d9
1030,Mostafa Ziko,FWMF,eg Egypt,29-081,1997,4.1,0,0,0,6,5,2,2,2,4,,,0,Matches,68ff8437
1031,David Zima,DF,cz Czechia,25-251,2000,0.1,0,0,0,0,0,0,0,0,0,,,0,Matches,acf7e795
1032,Zizo,MF,eg Egypt,30-188,1996,0.6,0,0,0,2,1,0,6,0,1,,,0,Matches,c6415ba9
1033,Themba Zwane,FWMF,za South Africa,36-348,1989,0.3,0,1,0,1,0,0,0,0,0,,,0,Matches,c6f21aa8
1034,Martin Ødegaard,MF,no Norway,27-212,1998,5.2,0,0,0,3,4,0,15,3,4,,,0,Matches,79300479
1035,Leo Østigård,DF,no Norway,26-231,1999,1.6,0,0,0,2,2,0,0,1,3,,,0,Matches,b35a7399